ticker,name,price,marketcap,volume,volumeavg,priceopen,low,high,close,change,changepct,closeyest,date,high52,low52,beta,shares,pe,eps,sector,industry,description,exchange,ceo,country,ipodate,isetf,isfund,isactive,web_url,image,currency,employees,city,state,phone,address,dividend_yield,fetched_at,profile_fetched_at,asset_class,returnOnEquity,returnOnAssets,grossMargin,operatingMargin,profitMargin,revenueGrowth,earningsGrowth,revenue,ebitda,freeCashFlow,netIncome,stockBasedComp,priceToBook,evToEbitda,evToRevenue,totalDebt,totalEquity,totalAssets,cash,expenseRatio,currentRatio,quickRatio,debtToEquity,payoutRatio,pegRatio,heldPctInsiders,heldPctInstitutions,shortPctFloat
AMAT,"Applied Materials, Inc.",520.650024,413186523136,3770067,7110953,516.909973,514.01001,524.929993,520.650024,-9.619995,-1.814169,530.27002,2026-10-07,,,1.591,793597443,44.922348,11.59,Technology,Semiconductor Equipment & Materials,"Applied Materials, Inc. provides materials engineering solutions, equipment, services, and software to the semiconductor and related industries in the United States, China, Korea, Taiwan, Japan, Southeast Asia, Europe, and internationally. The company operates through Semiconductor Systems and Applied Global Services (AGS) segments. The Semiconductor Systems segment includes semiconductor capital equipment to enable materials engineering steps, including etch, rapid thermal processing, deposition, chemical mechanical planarization, metrology and inspection, wafer packaging, and ion implantation. The AGS segment offers integrated solutions to optimize equipment and fab performance and productivity comprising spares, upgrades, services, and 200 millimeter and other equipment and factory automation software for semiconductor and other products. It serves manufacturers of semiconductor wafers and chips, and other electronic devices. Applied Materials, Inc. was incorporated in 1967 and is headquartered in Santa Clara, California.",NMS,Mr. Gary E. Dickerson,United States,,false,false,true,https://www.appliedmaterials.com,,USD,38900,Santa Clara,CA,408 727 5555,3050 Bowers Avenue,0.4,2026-10-07T23:37:52+00:00,2026-10-07T23:37:52+00:00,Equity,0.41068,0.15482,0.49398,0.33736,0.30052,0.248,0.428,30837000192,10154999808,3075375104,9267000320,668000000,16.123688,40.502,13.338,7345999872,20415000000,36299000000,9233000448,,2.423,1.634,28.666,0.1648,0.8297,0.00328,0.86259,0.0178
TOELY,Tokyo Electron Ltd,,156414410752,0,242568,,,,,,,40.104,2026-10-07,,,1.332,908593712,42.50617,4.05,Technology,Semiconductor Equipment & Materials,"Tokyo Electron Limited, together with its subsidiaries, develops, manufactures, and sells semiconductor production equipment in Japan, South Korea, Taiwan, China, North America, Europe, and internationally. The company provides coaters/developers, plasma etch systems, cleaning systems, deposition systems, test systems, 3D integration systems, SiC Epitaxial CVD systems, and gas cluster beam systems, as well as other deposition and lithography and other products. It also offers engineering services; spare parts/repairs; upgrades/modification; and used products, as well as display production equipment. The company was incorporated in 1951 and is based in Tokyo, Japan.",PNK,Mr. Tony  Kawai,Japan,1784295000,false,false,true,https://www.tel.com,,USD,20236,Tokyo,,81 3 5561 7000,Akasaka Biz Tower,0.0121,2026-10-07T23:37:53+00:00,2026-10-07T05:11:08+00:00,Equity,0.30929,0.15821,0.45562,0.28866,0.23645,0.333,0.404,2626335014912,778336010240,297172500480,620993970176,,11.695301,-0.331,-0.098,0,2069994000000,2860997000000,409607995392,,2.633,1.392,,0.4919,1.5305,,,
SSNLF,"Samsung Electronics Co., Ltd.",65.209999,428205604864,0,0,65.209999,65.209999,65.209999,65.209999,0,0,65.209999,2026-10-07,,,1.545,5764191903,14.05388,4.64,Technology,Consumer Electronics,"Samsung Electronics Co., Ltd. engages in the consumer electronics, information technology and mobile communications, and device solutions businesses worldwide. The company operates through four divisions: Device eXperience (DX), Device Solutions (DS), SDC, and Harman. The company offers smartphones, tablets, audio sounds, watches, switches, and accessories; TVs, and sound devices; appliances, including refrigerators, washing machines and dryers, vacuum cleaners, cooking appliances, dishwashers, air conditioners, and air purifiers; monitors and memory storage products; displays, and smart and LED signages; and other accessories. It also engages in venture capital investments, cloud services, network devices installation, semiconductor equipment services, digital advertising platforms, marketing, consulting, connected services provider, logistics, financing, and software design activities. In addition, the company provides toll processing and sales of semiconductors and display panels; development and sale of network solutions; manufacture of semiconductors and food; the provision of repair services for electronic devices; and development and supply of semiconductor process defect and quality control software, as well as digital televisions, foundry, system large scale integration (LSI). Further, it provides connected car systems, audio and visual products, enterprise automation solutions, and connected services. Samsung Electronics Co., Ltd. was incorporated in 1969 and is based in Suwon-si, South Korea.",PNK,Mr. Tae-Moon  Roh Ph.D.,South Korea,,false,false,true,https://www.samsung.com,,USD,128242,Suwon-si,,82 10 3060 0730,"129, Samsung-ro",,2026-10-07T23:37:55+00:00,2026-10-07T23:37:55+00:00,Equity,0.30794,0.17693,0.57485,0.52182,0.30842,1.3,11.917,485272047321088,227121779703808,69550825537536,135264684998656,,1.015816,-0.671,-0.314,22408721334272,424313255000000,566942110000000,189999035187200,,2.83,2.195,3.868,0.0749,0.43,0.09688,0.46555,
GFS,GLOBALFOUNDRIES Inc.,48.07,26795112448,2967337,3943771,47.25,47.180099,48.209999,48.07,-0.560001,-1.151555,48.630001,2026-10-07,,,1.765,557418603,37.554688,1.28,Technology,Semiconductors,"GLOBALFOUNDRIES Inc., a semiconductor foundry, provides range of mainstream wafer fabrication services and technologies in the United States, Europe, the Middle East, Africa, and internationally. It offers semiconductor devices, including microprocessors, mobile application processors, baseband processors, network processors, radio frequency modems, microcontrollers, and power management units. The company also provides quantum technology solutions. GLOBALFOUNDRIES Inc. has a strategic partnership with the U.S. Department of Energy's Genesis Mission to accelerate scientific discovery through artificial intelligence and advanced computing. The company was incorporated in 2008 and is headquartered in Malta, New York.",NMS,"Dr. Thomas H. Caulfield DES, Ph.D.",United States,2021-10-28,false,false,true,https://gf.com,,USD,14000,Malta,NY,518 305 9013,400 Stonebreak Road Extension,0.99,2026-10-07T23:37:56+00:00,2026-10-07T23:37:56+00:00,Equity,0.06169,0.02983,0.2714,0.09742,0.1032,0.058,-0.268,6937999872,1980999936,758249984,716000000,200000000,2.232077,13.001,3.712,1678000000,11928000000,17141000000,2356999936,,2.475,1.727,14.132,0.0938,0.7205,0.00058,1.00223,0.1504
UMC,United Microelectronics Corporation,23.309999,58459348992,8050715,13170929,22.91,22.85,23.34,23.309999,0.119999,0.51746,23.190001,2026-10-07,,,1.707,2507908580,21.990566,1.06,Technology,Semiconductors,"United Microelectronics Corporation operates as a semiconductor wafer foundry in Taiwan, China, Hong Kong, Japan, Korea, the United States, Europe, and internationally. It manufactures and sells integrated circuits. The company offers circuit design; mask tooling; wafer fabrication; and assembly and testing services for communication devices, consumer electronics, computer, and other applications. It also provides venture capital and marketing support; consulting and planning; energy technical; solar engineering integrated design; research and development services; and insurance services. United Microelectronics Corporation was incorporated in 1980 and is headquartered in Hsinchu City, Taiwan.",NYQ,Mr. Chia-Tsung  Hung,Taiwan,,false,false,true,https://www.umc.com,,USD,20000,Hsinchu City,,886 3 578 2258,Hsinchu Science Park,1.73,2026-10-07T23:37:57+00:00,2026-10-07T23:37:57+00:00,Equity,0.21328,0.05092,0.30603,0.21713,0.33293,0.17,3.746,250707148800,109833945088,36890628096,83468410880,491280000,4.215727,-0.23,-0.101,63449882624,365824997000,567274863000,147391856640,,2.166,1.772,14.293,0,1.3348,0,0.07464,0.0164
MRVL,"Marvell Technology, Inc.",284.679993,255843237888,23652500,22304987,280.994995,276.5,287.029999,284.679993,-2.330017,-0.811824,287.01001,2026-10-07,,,2.26,876926613,93.64474,3.04,Technology,Semiconductors,"Marvell Technology, Inc., together with its subsidiaries, provides data infrastructure semiconductor solutions and spanning the data center core to network edge in the United States, Argentina, China, India, Israel, Japan, Singapore, South Korea, Taiwan, Vietnam, and internationally. The company develops and scales system-on-a-chip architectures, integrating analog, mixed-signal, and digital signal processing functionality. It offers a portfolio of ethernet solutions, including spanning controllers, network adapters, physical transceivers, and switches; single or multiple core processors; and custom application specific integrated circuits, interconnects, fibre channel adapters, and processors. The company also provides interconnect products, including pulse amplitude modulation, coherent and coherent-lite digital signal processors (DSPs), laser drivers, trans-impedance amplifiers, silicon photonics, co-packaged optics, linear pluggable optics chipsets, data center interconnect, active electrical cable DSPs and peripheral component interconnect express retimer solutions; fibre channel products comprising host bus adapters and controllers for server and storage system connectivity; storage controllers for hard disk drives and solid-state-drives; host system interfaces, including serial advanced technology attachment and serial attached SCSI, peripheral component interconnect express, compute express link switches, non-volatile memory express (NVMe), and NVMe over fabrics; and develops ultra accelerator linkTM switches and ethernet for scale-up networking switches. The company serves data centers, communications, and other markets. It offers its products through direct customers and distributors. Marvell Technology, Inc. was incorporated in 1995 and is headquartered in Wilmington, Delaware.",NMS,Mr. Matthew J. Murphy,United States,,false,false,true,https://www.marvell.com,,USD,7480,Wilmington,DE,302 295 4840,1000 North West Street,0.08,2026-10-07T23:37:59+00:00,2026-10-07T23:37:59+00:00,Equity,0.16523,0.04125,0.52216,0.16679,0.27935,0.365,0.5,9450300416,2850299904,2408049920,2639899904,590800000,13.683906,88.057,26.559,5286099968,14308400000,22285300000,3932800000,,3.168,2.461,28.525,0.0789,1.3866,0.00494,0.8175,0.0418
SHEL,Shell plc,96.849998,275787874304,4925662,6414874,97.415001,96.540001,98.059998,96.849998,-0.770004,-0.788777,97.620003,2026-10-07,,,-0.192,2847577354,10.689845,9.06,Energy,Oil & Gas Integrated,"Shell plc operates as an energy and petrochemical company in Europe, Asia, Oceania, Africa, the United States, and other parts of the Americas. It operates through the following segments: Integrated Gas, Upstream, Marketing, Chemicals and Products, and Renewables and Energy Solutions. The company explores for and extracts natural gas to produce liquefied natural gas or convert it into gas-to-liquids (GTL) fuels and other products; explores for and extracts crude oil, natural gas, and natural gas liquids; and operates marketing and transportation of oil, gas, and liquids, supported by the infrastructure required to deliver them to market or to process them within Shell's chemical manufacturing plants and refineries. It is also involved in marketing, which includes mobility, lubricants, and sectors focused on decarbonization; operates a retail network, including electric vehicle charging, convenience retail, and the wholesale commercial fuels business for transport and industry; sells products for road transport and machinery in manufacturing, mining, power generation, agriculture, and construction; and provides low-carbon energy solutions, such as biofuels, to a broad range of commercial customers, including those in the aviation, marine, and agriculture sectors. In addition, the company offers chemicals and products, including chemicals manufacturing plants with their own marketing network, and refineries that turn crude oil and other feedstocks into a range of oil products, which are moved and marketed around the world for domestic, industrial, and transport use; and operates a pipeline business, trading, and optimization of crude oil, oil products, and petrochemicals. The company was formerly known as Royal Dutch Shell plc and changed its name to Shell plc in January 2022. Shell plc was founded in 1897 and is headquartered in London, United Kingdom.",NYQ,Mr. Wael  Sawan,United Kingdom,,false,false,true,https://www.shell.com,,USD,84000,London,,44 20 7934 1234,Shell Centre,3.2,2026-10-07T23:38:00+00:00,2026-10-07T23:38:00+00:00,Equity,0.14341,0.06395,0.26093,0.16691,0.08756,0.447,2.2,296600993792,57605001216,21458374656,25970999296,,1.492204,5.424,1.054,73075998720,174392000000,370350000000,31374000128,,1.435,0.985,40.2,0.3264,1.5889,0.00008,0.13411,0.0124
CP,Canadian Pacific Kansas City Limited,83.629997,73517391872,2143178,2411909,84.849998,83.544998,85.410004,83.629997,-1.800003,-2.106992,85.43,2026-10-07,,,1.223,879079224,26.890675,3.11,Industrials,Railroads,"Canadian Pacific Kansas City Limited, together with its subsidiaries, owns and operates a transcontinental freight railway in Canada, the United States, and Mexico. The transports bulk commodities, including grain, coal, potash, fertilizers, and sulphur; merchandise freight consists of industrial and consumer products, such as forest products, energy, chemicals and plastics, metals, minerals, consumer products, and automotive; and intermodal traffic comprising retail goods in overseas containers. The company also provides rail and intermodal transportation services through a network of approximately 20,000 miles serving business centers. The company was formerly known as Canadian Pacific Railway Limited and changed its name to Canadian Pacific Kansas City Limited in April 2023. Canadian Pacific Kansas City Limited was founded in 1881 and is headquartered in Calgary, Canada.",NYQ,Mr. Keith E. Creel,Canada,,false,false,true,https://www.cpkcr.com,,USD,19687,Calgary,AB,403-319-7000,7550 Ogden Dale Road S.E.,0.88,2026-10-07T23:38:01+00:00,2026-10-07T23:38:01+00:00,Equity,0.08154,0.04439,0.53395,0.38977,0.25031,0.126,-0.135,15448999936,8248999936,2181374976,3867000064,,2.254168,12.035,6.426,25147000832,45877000000,85945000000,366000000,,0.594,0.451,52.822,0.2214,2.22,0.00044,0.76068,0.0231
DAL,"Delta Air Lines, Inc.",82.970001,54562983936,6532736,6271968,82.190002,81.800201,83.459099,82.970001,-0.690002,-0.82477,83.660004,2026-10-07,,,1.336,657623030,13.759536,6.03,Industrials,Airlines,"Delta Air Lines, Inc. provides scheduled air transportation for passengers and cargo in the United States and internationally. The company operates through two segments, Airline and Refinery. Its domestic network centered on core hubs in Atlanta, Detroit, Minneapolis-St. Paul, and Salt Lake City, as well as coastal hub positions in Boston, Los Angeles, New York-LaGuardia, New York-JFK, and Seattle; and international network centered on hubs and market presence in Amsterdam, Bogota, Lima, Mexico City, London-Heathrow, Paris-Charles de Gaulle, Santiago (Chile), Sao Paulo, Seoul-Incheon, and Tokyo. It also provides aircraft maintenance and engineering support, repair, and overhaul services; and vacation packages. The company operates through a fleet of approximately 1,314 aircraft. Delta Air Lines, Inc. was founded in 1924 and is headquartered in Atlanta, Georgia.",NYQ,Mr. Edward H. Bastian,United States,,false,false,true,https://www.delta.com,,USD,103000,Atlanta,GA,404-715-2191,1030 Delta Boulevard,1.03,2026-10-07T23:38:02+00:00,2026-10-07T23:38:02+00:00,Equity,0.20125,0.04019,0.187,0.07921,0.05784,0.187,-0.254,68287000576,7506999808,2817374976,3950000128,,2.487632,9.416,1.035,21084000256,20853000000,81317000000,4664999936,,0.424,0.267,96.649,0.1244,0.21,0.09176,0.80683,0.0401
UAL,"United Airlines Holdings, Inc.",110.169998,35759394816,5327551,3838735,109.360001,108.93,110.68,110.169998,-1.700005,-1.519625,111.870003,2026-10-07,,,1.304,324583772,10.315542,10.68,Industrials,Airlines,"United Airlines Holdings, Inc., through its subsidiaries, provides air transportation services in the United States, Canada, Atlantic, the Pacific, and Latin America. It transports people and cargo through its mainline and regional fleets. The company also offers ground handling, flight academy, frequent flyer award non-travel redemptions, and maintenance services for third parties. In addition, it provides freight and mail transportation services to commercial businesses, freight forwarders, logistics firms, and national postal services, as well as loyalty programs. The company distributes its products through direct channels, such as the Company's website and the Company's mobile app; and traditional travel agencies, online travel agencies, and other intermediaries. The company was formerly known as United Continental Holdings, Inc. and changed its name to United Airlines Holdings, Inc. in June 2019. United Airlines Holdings, Inc. was incorporated in 1968 and is based in Chicago, Illinois.",NMS,Mr. J. Scott Kirby,United States,,false,false,true,https://www.united.com,,USD,117500,Chicago,IL,872 825 4000,233 South Wacker Drive,0,2026-10-07T23:38:03+00:00,2026-10-07T23:38:03+00:00,Equity,0.23252,0.03381,0.31816,0.05534,0.05558,0.16,-0.172,62902001664,7090999808,910124992,3496000000,,2.141677,7.445,0.839,33667999744,15282000000,76448000000,16636999680,,0.78,0.688,201.641,0,6.5,0.00586,0.90731,0.0566
AAL,American Airlines Group Inc.,12.85,8506313728,54868898,78556831,12.802,12.65,12.87,12.85,-0.15,-1.153843,13,2026-10-07,,,1.376,661969951,,-0.49,Industrials,Airlines,"American Airlines Group Inc., through its subsidiaries, operates as a network air carrier in the United States, Latin America, Atlantic, and Pacific. The company provides scheduled air transportation services for passengers and cargo through its hubs in Charlotte, Chicago, Dallas/Fort Worth, Los Angeles, Miami, New York, Philadelphia, Phoenix, and Washington, D.C., as well as through partner gateways in London, Doha, Madrid, Seattle/Tacoma, Sydney, and Tokyo. It also operates a mainline fleet of 1,013 aircraft. The company was formerly known as AMR Corporation and changed its name to American Airlines Group Inc. in December 2013. American Airlines Group Inc. was founded in 1926 and is headquartered in Fort Worth, Texas.",NMS,Mr. Robert D. Isom Jr.,United States,,false,false,true,https://www.aa.com,,USD,143400,Fort Worth,TX,682 278 9000,1 Skyview Drive,0,2026-10-07T23:38:05+00:00,2026-10-07T23:38:05+00:00,Equity,,0.01118,0.21239,0.02814,-0.00559,0.163,-0.882,58337001472,3372000000,519249984,-326000000,57000000,-2.14131,10.639,0.615,35728998400,-3727000000,61774000000,8360999936,,0.534,0.383,,0,0.0944,0.01514,0.7863,0.1393
LUV,Southwest Airlines Co.,41.720001,20409765888,4706365,5346967,41.68,41.543098,42.139999,41.720001,-0.73,-1.719669,42.450001,2026-10-07,,,1.155,489208201,26.075,1.6,Industrials,Airlines,"Southwest Airlines Co. operates as a passenger airline company that provides scheduled air transportation services in the United States and internationally. It also provides Rapid Rewards loyalty program; SWABIZ, an online booking tool; and inflight entertainment platform that includes movies-on-demand live and on-demand television, flight tracker, and additional curated content, as well as a variety of premium snacks and coffee. In addition, the company offers ancillary services, such as in-flight purchases, baggage fees, EarlyBird Check-In, and upgraded boarding, as well as transportation of pets and unaccompanied minors. As of December 31, 2025, the company operated a total fleet of 803 Boeing 737 aircraft; and served 117 destinations in 42 states, the District of Columbia, and the Commonwealth of Puerto Rico, as well as ten near-international countries, including Mexico, Jamaica, the Bahamas, Aruba, the Dominican Republic, Costa Rica, Belize, Cuba, the Cayman Islands, and Turks and Caicos. Southwest Airlines Co. was incorporated in 1967 and is headquartered in Dallas, Texas.",NYQ,Mr. Robert E. Jordan,United States,,false,false,true,https://www.southwest.com,,USD,73456,Dallas,TX,214 792 4000,P.O. Box 36611,1.7,2026-10-07T23:38:06+00:00,2026-10-07T23:38:06+00:00,Equity,0.11099,0.02318,0.22399,0.0338,0.02783,0.164,0.205,30072999936,2337999872,-834750016,837000000,,2.882012,10.055,0.782,6888999936,7981000000,29061000000,3791000064,,0.489,0.378,97.275,0.45,0.1993,0.0101,0.93938,0.0597
LYB,LyondellBasell Industries N.V.,58.490002,18894489600,2621859,4056537,59.5,57.939999,60.099998,58.490002,-0.439999,-0.746646,58.93,2026-10-07,,,0.346,323037952,,-0.83,Basic Materials,Specialty Chemicals,"LyondellBasell Industries N.V. operates as a chemical company in the United States, Germany, China, Mexico, Italy, Japan, France, Poland, the Netherlands, and internationally. It operates in five segments: Olefins and PolyolefinsAmericas; Olefins and PolyolefinsEurope, Asia, International; Intermediates and Derivatives; Advanced Polymer Solutions; and Technology. The company produces and markets olefins and co-products, such as ethylene, aromatics, propylene and butadiene; polyolefins; polyethylene; polypropylene homopolymers and copolymers; propylene oxide and derivatives; oxyfuels and related products; and intermediate chemicals, such as styrene monomer and acetyls. It also produces and markets compounding and solutions, including polypropylene compounds, engineered plastics, masterbatches, and engineered composites and colors. In addition, it develops and licenses chemical and polyolefin process technologies; and manufactures and sells polyolefin catalysts and serves food packaging, home furnishings, automotive components, and paints and coatings applications. LyondellBasell Industries N.V. was incorporated in 2009 and is headquartered in Rotterdam, the Netherlands.",NYQ,Mr. Peter Z. E. Vanacker,Netherlands,,false,false,true,https://www.lyondellbasell.com,,USD,18970,Rotterdam,,31 10 275 5500,Delftseplein 27E,4.68,2026-10-07T23:38:07+00:00,2026-10-07T23:38:07+00:00,Equity,-0.02269,0.04112,0.12888,0.17925,-0.01132,0.198,3.96,31192000512,3568000000,1228000000,-265000000,91000000,1.770439,8.604,0.984,14330000384,10082000000,34003000000,2648999936,,1.641,0.931,132.759,7.4861,1.5257,0.20122,0.76089,0.0517
ALB,Albemarle Corporation,102.75,12125019136,1930624,2273423,105.220001,102.68,105.5,102.75,-3.599998,-3.385048,106.349998,2026-10-07,,,1.359,118005057,380.55554,0.27,Basic Materials,Specialty Chemicals,"Albemarle Corporation provides energy storage solutions worldwide. It operates through three segments: Energy Storage, Specialties, and Ketjen. The Energy Storage segment offers lithium compounds, including lithium carbonate, lithium hydroxide, and lithium chloride for use in lithium batteries used in consumer electronics and electric vehicles; power grids and solar panels; high-performance greases; and specialty glass used in consumer appliances and electronics. The Specialties segment provides bromine and highly specialized lithium solutions for various industries, such as energy, mobility, connectivity, and health comprising fire safety compounds; bromine-based specialty chemical products, including elemental bromine, alkyl bromides, inorganic bromides, brominated powdered activated carbon, and various bromine fine chemicals; lithium specialties, such as butyllithium and lithium aluminum hydride; cesium products for the chemical and pharmaceutical industries; and zirconium, barium, and titanium products for pyrotechnical applications, including airbag initiators. This segment also provides organic synthesis processes in the areas of steroid chemistry and vitamins, and various life science applications, as well as intermediates for the pharmaceutical industry; technical services, including handling and use of reactive lithium products; and recycling services for lithium-containing by-products. The Ketjen segment offers clean fuels technologies, including hydroprocessing catalysts together with isomerization and alkylation catalysts; fluidized catalytic cracking catalysts and additives; and performance catalyst solutions comprising organometallics and curatives. It serves the grid storage, automotive, aerospace, conventional energy, electronics, construction, agriculture and food, pharmaceuticals, and medical device industries. Albemarle Corporation was founded in 1887 and is headquartered in Charlotte, North Carolina.",NYQ,Mr. Jerry Kent Masters Jr.,United States,,false,false,true,https://www.albemarle.com,,USD,7800,Charlotte,NC,980 299 5700,4250 Congress Street,1.54,2026-10-07T23:38:08+00:00,2026-10-07T23:38:08+00:00,Equity,0.02648,0.03165,0.2396,0.2771,0.03795,0.311,,5907904000,1482468992,1334340224,57427000,40271000,1.507925,10.109,2.537,1998937984,9533365000,16374211000,1631687936,,2.086,1.248,18.976,6,0.7941,0.00215,1.01725,0.1075
SQM,Sociedad Química y Minera de Chile S.A.,64.610001,18455060480,849600,964165,65.540001,64.000999,65.915001,64.610001,-1.559998,-2.35756,66.169998,2026-10-07,,,1.073,142818904,13.294238,4.86,Basic Materials,Specialty Chemicals,"Sociedad Química y Minera de Chile S.A. produces and sells specialty plant nutrients, and iodine and its derivatives in Chile, Latin America, the Caribbean, Europe, North America, Asia, and internationally. It offers potassium nitrate, sodium nitrate, specialty blends, and other specialty fertilizers under the Ultrasol, Qrop, Speedfol, Allganic, Ultrasoline, Prop, and Prohydric brands. The company also provides iodine and its derivatives for use in medical, agricultural, industrial, and human and animal nutrition products comprising x-ray contrast media, biocides, antiseptics and disinfectants, pharmaceutical intermediates, polarizing films for LCD and LED screens, chemicals, organic compounds, and pigments, as well as added to edible salt to prevent iodine deficiency disorders. In addition, it produces lithium carbonate and lithium hydroxide which are used in the production of cathode material for, secondary batteries; lithium chloride; and basic lithium chemicals and lithium derivatives used in lubricating greases for heat-resistant glass, chips for the ceramic and glazing industry, and air conditioning chemicals, as well as other pharmaceutical syntheses and metal alloys. Further, the company produces potassium sulfate; and potassium chloride which are used to nourish various crops. Additionally, it produces and markets industrial chemicals, such as sodium nitrate mainly used in the production of glass and explosives, metal processing and recycling, and production of insulating materials and adhesives; potassium nitrate used as a raw material to produce frits and special ty glass, as well as in the enamel, metal treatment, and pyrotechnic sectors; solar salts used as a thermal storage medium in solar power generation plants; and potassium chloride as an additive in oil drilling and food processing sectors, as well as sells third-party fertilizers. Sociedad Química y Minera de Chile S.A. was founded in 1926 and is headquartered in Santiago, Chile.",NYQ,Mr. Ricardo  Ramos Rodríguez,Chile,,false,false,true,https://www.sqm.com,,USD,7637,Santiago,,56 22 425 2000,El Trovador 4285,3.66,2026-10-07T23:38:09+00:00,2026-10-07T23:38:09+00:00,Equity,0.2182,0.11553,0.42168,0.48824,0.20622,1.367,6.464,6725432832,3004026112,2618803968,1386923008,,2.924191,7.252,3.239,5314345984,5691262000,14504960000,4349360128,,2.605,1.898,61.25,0.2119,0.3182,0,0.34344,
VALE,Vale S.A.,13.61,57920929792,45073516,27946220,13.84,13.57,13.87,13.61,-0.47,-3.33807,14.08,2026-10-07,,,0.699,4255762795,27.22,0.5,Basic Materials,Other Industrial Metals & Mining,"Vale S.A., together with its subsidiaries, produces iron ore and nickel in Brazil, Asia, the Middle East, North Africa, Europe, the Americas, and Oceania. The company operates in two segments, Iron Ore Solutions and Vale Base Metals. It extracts, produces, and distributes iron ore, iron ore pellets, briquettes, nickel, copper, other ferrous products, and by-products, including gold, silver, cobalt, platinum-group metals, and other base metals, as well as low-carbon critical minerals. The company also operates logistics systems and distribution centers, such as mining complexes, railways, and maritime terminals, ports, and ships; generates energy from hydroelectric, solar, and wind sources; and engages in greenfield mineral exploration. In addition, it is involved in research; and trading activities. The company was formerly known as Companhia Vale do Rio Doce and changed its name to Vale S.A. in May 2009. Vale S.A. was founded in 1942 and is headquartered in Rio De Janeiro, Brazil.",NYQ,Mr. Gustavo Duarte Pimenta,Brazil,,false,false,true,https://vale.com,,USD,65805,Rio De Janeiro,RJ,55 21 3485 5000,"Praia de Botafogo, 186",5.99,2026-10-07T23:38:11+00:00,2026-10-07T23:38:11+00:00,Equity,0.04115,0.07915,0.34924,0.21955,0.04755,0.064,-0.435,218068992000,77332996096,13308999680,10369000448,,1.557597,1.848,0.655,110007001088,33509000000,86525000000,29841999872,,1.192,0.681,54.603,1.5907,0.3052,0.00003,0.20749,0.0108
BHP,BHP Group Limited,85.220001,216584667136,2877702,2624260,85.330002,84.57,85.464996,85.220001,-1.779999,-2.045976,87,2026-10-07,,,0.82,2541476901,22.07772,3.86,Basic Materials,Other Industrial Metals & Mining,"BHP Group Limited operates as a resources company in Australia, Europe, China, Japan, India, South Korea, rest of Asia, North America, and South America. The company operates through three segments: Copper, Iron Ore, and Coal. It explores for copper, iron, steelmaking coal, energy coal, nickel, potash, cobalt, sulphide, ammonium sulphate, silver, gold, molybdenum, uranium, and zinc deposits. The company is also involved in the services, marketing, trading, and finance businesses; potash, nickel, and copper development; mining, smelting, refining of nickel; and provision of towing, freight, administrative, and marketing support and other services. BHP Group Limited was founded in 1851 and is headquartered in Melbourne, Australia.",NYQ,Mr. Brandon  Craig,Australia,,false,false,true,https://www.bhp.com,,USD,38833,Melbourne,VIC,61 3 9609 3333,171 Collins Street,4.55,2026-10-07T23:38:12+00:00,2026-10-07T23:38:12+00:00,Equity,0.24002,0.13434,0.85921,0.4334,0.16734,0.183,-0.09,58759999488,29902999552,9592375296,9832999936,,4.250798,7.749,3.944,28426999808,49420000000,121387000000,18560999424,,1.885,1.434,50.473,0.6884,5.95,0.00014,0.0464,0.0068
BYD,Boyd Gaming Corporation,69.849998,5074980864,1417844,995309,69.760002,69.139999,70.550003,69.849998,-0.560005,-0.795349,70.410004,2026-10-07,,,1.126,72655414,3.048887,22.91,Consumer Cyclical,Resorts & Casinos,"Boyd Gaming Corporation, together with its subsidiaries, operates as a multi-jurisdictional gaming company in the United States and Canada. The company operates through Las Vegas Locals, Downtown Las Vegas, Midwest & South, and Online segments. It owns and operates casinos; Boyd Interactive, an online casino gaming business; and a travel agency. The company was formerly known as The Boyd Group and changed its name to Boyd Gaming Corporation in April 1993. Boyd Gaming Corporation was founded in 1975 and is headquartered in Las Vegas, Nevada.",NYQ,Ms. Marianne Boyd Johnson,United States,,false,false,true,https://www.boydgaming.com,,USD,16009,Las Vegas,NV,702 792 7200,6465 South Rainbow Boulevard,1.14,2026-10-07T23:38:13+00:00,2026-10-07T23:38:13+00:00,Equity,0.93085,0.07824,0.59126,0.20891,0.44341,0,-0.049,4098167040,1173296000,283961504,1817171968,32146000,2.042397,6.824,1.954,3258284032,2608499000,6574690000,323612992,,0.774,0.646,130.47,0.0332,3.03,0.31971,0.76035,0.0964
PCRFF,Panasonic Holdings Corporation,29.059999,67852922880,500,9268,28.75,28.75,29.059999,29.059999,-0.940001,-3.133335,30,2026-10-07,,,0.865,2334925020,53.81481,0.54,Technology,Consumer Electronics,"Panasonic Holdings Corporation, together with its subsidiaries, develops, manufactures, sells, services, and supplies various electrical and electronic equipment and related products in Japan, the Americas, the United States, Europe, Asia, China, and internationally. It operates through six segments: Connect, Electric Works, HVAC & CC, Energy, Industry, and Smart Life. The company offers aircraft in-flight entertainment systems and communications services; electronic-components-mounting machines; welding equipment; projectors; PCs and tablets; installation, operation, and maintenance services; and supply chain management (SCM) software. It also provides lighting fixtures, lamps, wiring devices, solar photovoltaic systems, fuel cells, and nursing care-related services; air-conditioners for residential and commercial use, air-to-water heat pump type water heaters, ventilation, perflation and air-conditioning equipment, air purifiers, showcases, and commercial refrigerators; and cylindrical lithium-ion batteries for in-vehicle use, dry batteries, primary and secondary batteries, nickel metal hydride batteries, and storage battery modules and systems. In addition, the company offers electronic components, motors, FA devices, and electronic materials; and refrigerators, microwave ovens, rice cookers, washing machines, vacuum cleaners, personal-care products, IH cooking heaters, dishwashers, digital cameras, professional audio and visual systems, intercoms, video and audio equipment, telephones, TVs, and bicycles. Further, it provides kitchen and bath, interior furnishing materials, exterior finishing materials, and sales of raw materials. Additionally, the company offers EV relays; conductive polymer and hybrid aluminum capacitors; and programmable controllers, photoelectric sensors, laser markers, multilayer circuit board and semiconductor device materials, and molding compounds. Panasonic Holdings Corporation was founded in 1918 and is headquartered in Kadoma, Japan.",PNK,Mr. Yuki  Kusumi,Japan,,false,false,true,https://holdings.panasonic,,USD,183685,Kadoma,,81 6 6908 1121,1006 Kadoma,1.18,2026-10-07T23:38:14+00:00,2026-10-07T23:38:14+00:00,Equity,0.0525,0.0351,0.31796,0.0919,0.03099,0.064,0.892,8170945118208,838152028160,-145334632448,253246996480,,1.980926,0.803,0.082,1553993039872,5211272000000,10172412000000,1117383950336,,1.39,0.831,27.876,0.4928,0.98,0.01598,0.46449,
VWAGY,Volkswagen AG,7.78,39000772608,12349,325462,7.79,7.73,7.81,7.78,0.09,1.170353,7.69,2026-10-07,,,1.01,2950898180,6.377049,1.22,Consumer Cyclical,Auto Manufacturers,"Volkswagen AG manufactures automobiles and commercial vehicles in Europe, Germany, North America, South America, the Asia-Pacific, and internationally. It operates through three segments: Passenger Cars and Light Commercial Vehicles; Commercial Vehicles; and Financial Services. The Passenger Cars and Light Commercial Vehicles segment develops vehicles, engines and motors, vehicle software, and vehicle batteries; produces and sells passenger cars and light commercial vehicles, and the parts. This segment also offers compact cars, luxury vehicles, and motorcycles, as well as mobility solutions. The Commercial Vehicles segment engages in the development of vehicles, engines, and motors; production and sale of trucks and buses, parts, and related services. The Financial Services segment engages in the dealership and customer financing, leasing, direct banking, and insurance activities; and provision of fleet management, and mobility services. In addition, the company is involved in the large-bore diesel engines, turbomachinery, and propulsion components businesses. It sells its products under the Volkswagen Passenger Cars, koda, SEAT/CUPRA, Volkswagen Commercial Vehicles, Audi, Lamborghini, Bentley, Ducati, Porsche, Scania, MAN, Volkswagen Truck & Bus, TRATON, and Bugatti Rimac, and international commercial vehicles brands to individual, corporate, and fleet customers. The company was founded in 1937 and is headquartered in Wolfsburg, Germany. Volkswagen AG operates as a subsidiary of Porsche Automobil Holding SE.",PNK,Dr. Oliver  Blume Ph.D.,Germany,,false,false,true,https://www.volkswagen-group.com,,USD,594022,Wolfsburg,,49 5361 9 0,Berliner Ring 2,7.68,2026-10-07T23:38:15+00:00,2026-10-07T23:38:15+00:00,Equity,0.02761,0.01284,0.13766,0.04208,0.018,0.02,-0.41,321651015680,19285999616,14109154304,5241999872,,0.193642,13.892,0.833,280904007680,188277000000,644467000000,66773999616,,1.069,0.8,138.745,0.4851,0.5975,0,0.00011,
VRT,Vertiv Holdings Co,246.490005,94895734784,5469277,5185451,244.024994,239.639999,246.869995,246.490005,-6.649994,-2.627002,253.139999,2026-10-07,,,2.048,384988173,55.766968,4.42,Industrials,Electrical Equipment & Parts,"Vertiv Holdings Co designs, manufactures, and services critical digital infrastructure technologies and life cycle services for data centers, communication networks, and commercial and industrial environments in the Americas, the Asia Pacific, Europe, the Middle East, and Africa. The company offers AC and DC power management products, low/medium voltage switchgear, busbar, thermal management products, air cooled and liquid cooled thermal management products, integrated modular solutions, racks, single phase UPS, rack power distribution, rack thermal systems, configurable integrated solutions, energy storage solutions, hardware, and software infrastructure that are integral to the technologies used for various services, including artificial intelligence, e-commerce, online banking, file sharing, video on-demand, energy storage, wireless communications, Internet of Things, and online gaming. It also provides lifecycle management services, predictive analytics, and professional services for deploying, maintaining, and optimizing its products and their related systems; and preventative maintenance, acceptance testing, engineering and consulting, fluid management, performance assessments, remote monitoring, training, spare parts, and critical digital infrastructure software services. The company offers its products primarily under the Vertiv, Liebert, NetSure, Geist, Energy Labs, ERS, Albér, and Avocent brands. It serves through a network of direct sales professionals, independent sales representatives, channel partners, and original equipment manufacturers. The company is headquartered in Westerville, Ohio.",NYQ,Mr. David M. Cote J.D.,United States,,false,false,true,https://www.vertiv.com,,USD,34000,Westerville,OH,614 888 0246,505 N. Cleveland Ave.,0.1,2026-10-07T23:38:17+00:00,2026-10-07T23:38:17+00:00,Equity,0.43943,0.10889,0.38039,0.20362,0.15088,0.241,0.53,11479600128,2678799872,2696537600,1732000000,45900000,19.94417,35.51,8.286,3338200064,3941300000,12212400000,3110599936,,1.379,0.947,70.166,0.0509,0.8388,0.00238,0.84638,0.0368
AKAM,"Akamai Technologies, Inc.",104.610001,15034194944,3867719,4197195,107.18,103.949997,107.620003,104.610001,-4.010002,-3.691771,108.620003,2026-10-07,,,0.616,143716609,37.902176,2.76,Technology,Software - Infrastructure,"Akamai Technologies, Inc. engages in the provision of security, delivery, and cloud computing solutions in the United States and internationally. It offers security solutions that include web application and application programming interfaces (API) protection solutions, which protect web, API, and mobile app traffic from attacks; Bot & Abuse portfolio, which provides solutions to help customers protect against threats; full account lifecycle protections including the ability to defend against account takeover and opening abuse, adversarial bot protection, protection against credential stuffing, inventory scalping, and hoarding; and solutions designed to stop persistent scrapers from stealing content; API security, which discovers, audits, and monitors API; and microservice and application component protection that analyzes and protects application traffic that moves between application components. The company also offers cloud computing services, which include compute, storage, and cloud native and networking services; and Akamai App Platform, provides ready-to-run templates that address challenges in deploying, managing and scaling Kubernetes clusters at scale. In addition, it offers delivery solutions that include web and mobile performance solutions, which enables dynamic websites and applications, as well as global traffic management, site acceleration, application load balancing, large-scale load testing, and real-user monitoring; and media delivery solutions, including video streaming and video player services, game and software delivery, broadcast operations, authoritative domain name system, resolution, and data and analytics. The company has a strategic alliance with Deloitte Canada to help organizations achieve platform-based resilience against AI-accelerated cyberthreats. Akamai Technologies, Inc. was incorporated in 1998 and is headquartered in Cambridge, Massachusetts.",NMS,Dr. F. Thomson Leighton,United States,,false,false,true,https://www.akamai.com,,USD,11000,Cambridge,MA,617 444 3000,145 Broadway,0,2026-10-07T23:38:18+00:00,2026-10-07T23:38:18+00:00,Equity,0.08918,0.02515,0.57452,0.07629,0.09507,0.054,-0.268,4322833920,1079897984,710060096,410964992,459402000,3.16329,19.463,4.862,9338986496,4977371000,11479643000,3355386880,,1.637,1.517,196.672,0,1.4374,0.02128,1.13622,0.1537
FSLY,"Fastly, Inc.",25.280001,4027104000,2657294,6388051,25.450001,24.84,25.768999,25.280001,-0.23,-0.901605,25.51,2026-10-07,,,0.311,159300000,,-0.53,Technology,Software - Application,"Fastly, Inc. operates an edge cloud platform for processing, serving, and securing its customer's applications in the United States, the Asia Pacific, Europe, and internationally. The edge cloud is a category of Infrastructure as a Service that enables developers to build, secure, and deliver digital experiences at the edge of the internet. The company offers network services to speed up and optimize the delivery of web and application traffic; content delivery network, such as dynamic site acceleration, origin shield, instant purge, surrogate keys, programmatic control, content compression, reliability features, fanout, domainr, modern protocols and performance services; staging environment; and video/ streaming solutions and services, including live streaming, live event monitoring, video on demand, cache reservation, and media shield. It also provides security solutions, such as DDoS protection, next-gen WAF, bot management, API and ATO protection, advanced rate limiting, privacy, and compliance services; load balancing; image optimization; and origin connect. In addition, the company offers professional services comprising managed and response security services; managed CDN; and support plans services. It serves customers operating in ecommerce, streaming media, gaming, digital publishing, and high tech to financial services industries. The company was formerly known as SkyCache, Inc. and changed its name to Fastly, Inc. in May 2012. Fastly, Inc. was incorporated in 2011 and is headquartered in San Francisco, California.",NMS,Mr. Charles  Compton,United States,2025-12-09,false,false,true,https://www.fastly.com,,USD,1140,San Francisco,CA,844 432 7859,475 Brannan Street,0,2026-10-07T23:38:19+00:00,2026-10-07T23:38:19+00:00,Equity,-0.08389,-0.03464,0.61472,-0.07873,-0.11802,0.233,,687172992,-38510000,86973248,-81103000,117323000,4.058436,-106.152,5.949,398292000,929578000,1499477000,337497984,,3.361,3.169,40.198,,,0.04528,0.95423,0.1574
NOW,"ServiceNow, Inc.",137.869995,142538555392,8001761,17871384,139.5,137.490005,140.800003,137.869995,-0.100006,-0.072484,137.970001,2026-10-07,,,0.99,1033862000,86.16875,1.6,Technology,Software - Application,"ServiceNow, Inc. provides cloud-based solution for digital workflows in the North America, Brazil, Europe, the Middle East and Africa, Asia Pacific, and internationally. The company provides asset management, integrated risk management, IT service management, Operational Technology management, Security Operations, strategic portfolio management, IT operations management products; customer service management product; field service management applications; and sales and order management services. It also offers human resources delivery; legal and contract operations; workplace service delivery products; app engine product; automation engine; platform privacy and security product; and source-to-pay operations. In addition, the company provides RaptorDB, a database built to manage workloads at scale; ServiceNow Impact that provides customers with software tools, guided plans, and AI-driven recommendations; customer support; and workflow data fabric. It serves government, financial services, healthcare and life science, manufacturing, Public Sector, retail, technology, and Telecom sectors through service providers and resale partners. The company has a strategic collaboration with Cohesity, Inc. to develop, operate, and safeguard autonomous AI agents and data with enterprise-grade reliability; and with ServiceNow to Advance Ai-Powered Solution for Mission-Critical Infrastructure Monitoring. The company was formerly known as Service-now.com and changed its name to ServiceNow, Inc. in May 2012. ServiceNow, Inc. has a strategic alliance with Accenture for integrated risk management and third-party risk management solutions, and with Tech Mahindra to validate and deliver production-ready, industry-specific enterprise AI and automation solutions at scale. ServiceNow, Inc. was founded in 2004 and is headquartered in Santa Clara, California.",NYQ,Mr. William R. McDermott,United States,,false,false,true,https://www.servicenow.com,,USD,29187,Santa Clara,CA,408 501 8550,2225 Lawson Lane,0,2026-10-07T23:38:20+00:00,2026-10-07T23:38:20+00:00,Equity,0.14244,0.04249,0.74769,0.04063,0.11336,0.24,-0.219,14732000256,2896999936,5149374976,1670000000,1955000000,11.388567,50.51,9.933,8453000192,12964000000,26038000000,4664000000,,0.701,0.565,67.538,0,1.0143,0.00175,0.8471,0.0279
STLD,"Steel Dynamics, Inc.",234.089996,33551673344,579785,1115759,233.779999,233.264999,237.020004,234.089996,-4.080002,-1.713063,238.169998,2026-10-07,,,1.486,143328088,21.223028,11.03,Basic Materials,Steel,"Steel Dynamics, Inc., together with its subsidiaries, operates as a steel producer and metal recycler in the United States. It operates through four segments: Steel Operations, Metals Recycling Operations, Steel Fabrication Operations, and Aluminum Operations. The Steel Operations segment offers hot rolled, cold rolled, and coated steel products; parallel flange beams and channel sections, large unequal leg angles, and reinforcing steel bars, standard strength carbon, intermediate alloy hardness, and premium grade rail products; engineered special-bar-quality products, merchant-bar-quality products, and other engineered round steel bars; channels, angles, flats, merchant rounds, and reinforcing steel bars; and specialty shapes and light structural steel products. This segment also engages in turning, polishing, straightening, chamfering, precision saw-cutting, and heat treating of bar products. Its products are used in construction, automotive, manufacturing, transportation, heavy and agricultural equipment, energy, and pipe and tube markets. The Metals Recycling Operations segment is involved in the ferrous and nonferrous scrap metal processing, transportation, marketing, brokerage, and scrap management services. Its ferrous products include heavy melting steel, busheling, bundled scrap, shredded scrap, steel turnings, and cast-iron products; and nonferrous products comprise aluminum, brass, copper, stainless steel, and other nonferrous metals. The Steel Fabrication Operations segment produces steel non-residential building components, such as steel joists, joist girders, and steel deck products for non-residential steel fabricators, metal building companies, general construction contractors, developers, property owners, brokers, and governmental entities. The Aluminum Operations segment offers recycled aluminum flat rolled products. The company also exports its products. Steel Dynamics, Inc. was incorporated in 1993 and is headquartered in Fort Wayne, Indiana.",NMS,Mr. Mark D. Millett,United States,,false,false,true,https://www.steeldynamics.com,,USD,14400,Fort Wayne,IN,260 969 3500,7575 West Jefferson Boulevard,0.89,2026-10-07T23:38:21+00:00,2026-10-07T23:38:21+00:00,Equity,0.17568,0.0787,0.14652,0.11499,0.07825,0.334,0.836,20538677248,2674440960,234191248,1607240960,68983000,3.568934,13.955,1.817,4393537024,8957182000,16419780000,567708032,,3.183,1.316,46.924,0.1868,11.95,0.06565,0.86149,0.0332
AA,Alcoa Corporation,42.48,11210872832,3662170,4649784,41.990002,41.625,42.625,42.48,-0.689999,-1.598329,43.169998,2026-10-07,,,1.739,263909445,8.831601,4.81,Basic Materials,Aluminum,"Alcoa Corporation, together with its subsidiaries, engages in the bauxite mining, alumina refining, aluminum production, and energy generation business in Australia, Brazil, Canada, Iceland, Norway, Spain, the United States, and internationally. The company operates through two segments: Alumina and Aluminum. It operates bauxite and other aluminous ores mining and processes bauxite into alumina for sale to aluminum smelter customers and customers who process it into industrial chemical products through supply contracts to third parties, as well as aluminum smelting and casting businesses. The company also offers aluminium powder and scrap and primary aluminum in the form of commodity grade ingot and value-add ingot to customers that produce products for transportation, building and construction, packaging, wire, and other industrial markets. In addition, it provides energy that generates and sells electricity in the wholesale market to traders, large industrial consumers, distribution companies, and other generation companies. The company was formerly known as Alcoa Upstream Corporation and changed its name to Alcoa Corporation in May 2016. The company was founded in 1886 and is headquartered in Pittsburgh, Pennsylvania.",NYQ,Mr. William F. Oplinger,United States,,false,false,true,https://www.alcoa.com,,USD,14900,Pittsburgh,PA,412 315 2900,201 Isabella Street,0.93,2026-10-07T23:38:23+00:00,2026-10-07T23:38:23+00:00,Equity,0.18227,0.06493,0.1979,0.18356,0.09388,0.314,1.468,13603000320,2311000064,960750016,1272000000,41000000,1.521163,5.258,0.893,2224999936,6118000000,16129000000,1352000000,,1.535,0.8,29.918,0.0832,8.36,0.00516,0.85584,0.0455
NXPI,NXP Semiconductors N.V.,235.220001,59314057216,2859501,3630857,238.440002,231.020004,239.699997,235.220001,-9.160004,-3.748262,244.380005,2026-10-07,,,1.811,252164174,20.087105,11.71,Technology,Semiconductors,"NXP Semiconductors N.V. provides semiconductor products in the United States, Germany, Japan, South Korea, Taiwan, Singapore, the Netherlands, Mainland China, Hong Kong, and internationally. The company's product portfolio includes microcontrollers; application processors; communication processors; wireless connectivity solutions, such as near field communications, ultra-wideband, Bluetooth low-energy, Zigbee, Thread, and Wi-Fi and Wi-Fi/Bluetooth integrated SoCs; analog and interface products; radio frequency devices, and security controllers, as well as semiconductor-based environmental and inertial sensors, including pressure, inertial, magnetic, and gyroscopic sensors. Its products are used in various applications, including automotive, industrial and Internet of Things, mobile, and communication infrastructure. The company markets its products to direct sales offices and independent distributors. NXP Semiconductors N.V. was incorporated in 2006 and is headquartered in Eindhoven, the Netherlands.",NMS,Mr. Rafael  Sotomayor,Netherlands,,false,false,true,https://www.nxp.com,,USD,32169,Eindhoven,,31 40 272 9999,60 High Tech Campus,1.66,2026-10-07T23:38:24+00:00,2026-10-07T23:38:24+00:00,Equity,0.27921,0.10457,0.56102,0.30406,0.22564,0.195,0.726,13185000448,5068000256,3555000064,2975000064,462000000,5.20548,13.305,5.114,10976000000,10056000000,26560000000,3222000128,,2.04,1.194,93.325,0.3464,0.4684,0.00139,0.99403,0.0322
STM,STMicroelectronics N.V.,56.18,50320334848,9536788,9560754,55.240002,55.400002,56.650002,56.18,-2.540001,-4.325615,58.720001,2026-10-07,,,1.482,895698355,1404.5,0.04,Technology,Semiconductors,"STMicroelectronics N.V., together with its subsidiaries, designs, develops, manufactures, and sells semiconductor products in Europe, the Middle East, Africa, the Americas, and the Asia Pacific. The company operates through Analog products, MEMS and Sensors Group (AM&S); Power and Discrete products (P&D); Embedded Processing (EMP); and RF Products (D&RF) segments. It offers industrial application-specific integrated circuits (ASICs) and application-specific standard products (ASSPs); power management solutions; custom analog ICs, wireless charging solutions; galvanic isolated gate and LED drivers; converters, transistors, intelligent power switches, clocks and timers, comparators, and current-sense amplifiers; micro-electro-mechanical systems (MEMS) sensors, including accelerometers, gyroscopes, magnetic sensors, pressure, temperature, presence detection, biosensors, machine learning, and edge AI processing smart sensors, as well as thermal and piezoelectric actuators; and optical sensing solutions. The company also provides silicon MOSFETs, SiC MOSFETs, IGBTs, thyristors, rectifiers, and power modules and bipolar transistors; microcontrollers, and automotive microcontrollers and secured; radio frequency (RF) communications and ASICs; car infotainment products; ultra-wide band and radar systems; and Connected Security Products; and automotive driver assistance systems. It serves automotive, industrial, personal electronics and communications equipment, and computers and peripherals markets. STMicroelectronics N.V. was incorporated in 1987 and is headquartered in Schiphol, the Netherlands.",NYQ,Mr. Jean-Marc  Chery,Netherlands,,false,false,true,https://www.st.com/content/st_com/en.html,,USD,49000,Schiphol,,31 20 654 3210,WTC Schiphol Airport,0.61,2026-10-07T23:38:25+00:00,2026-10-07T23:38:25+00:00,Equity,0.02686,0.02091,0.34476,0.06883,0.03558,0.261,,13098999808,2785999872,106000000,466000000,193000000,2.841967,17.498,3.722,4232000000,17828000000,24800000000,6032000000,,2.778,1.983,23.446,9,0.1937,0.00238,0.19266,0.0226
MCHP,Microchip Technology Incorporated,78.019997,42365538304,8887625,9264989,79.074997,76.540001,80.135002,78.019997,-3.240005,-3.987208,81.260002,2026-10-07,,,1.759,543008691,114.73529,0.68,Technology,Semiconductors,"Microchip Technology Incorporated develops, manufactures, and sells smart, connected, and secure embedded control solutions in the Americas, Europe, and Asia. It operates in two segments, Semiconductor Products and Technology Licensing. The company offers general-purpose 8-bit, 16-bit, 32-bit, and 64-bit mixed-signal microcontrollers; 32-bit and 64-bit embedded mixed-signal microprocessors; and specialized mixed-signal microcontrollers for automotive, industrial, computing, communications, lighting, power supplies, motor control, human-machine interface, security, wired connectivity, and wireless connectivity applications. It also provides analog products, including power management, linear, mixed-signal, high voltage, thermal management, discrete diodes and MOSFETs, radio frequency (RF), gate drivers, safety, security, timing, application-specific standard products, USB, Ethernet, wireless, and other interface products; field-programmable gate array (FPGA) products; and application development tools that enable system designers to program mixed-signal microcontroller, FPGA, and microprocessor products. In addition, the company offers memory products consisting of serial electrically erasable programmable read-only memory, serial flash memories, parallel flash memories, serial static random-access memory, and electrically erasable random-access memory for footprint devices. Further, it licenses its SuperFlash embedded flash and non-volatile memory technologies to foundries, integrated device manufacturers, and design partners for use in the manufacture of microcontroller products, gate arrays, RF, analog, and neuromorphic compute products. Additionally, the company offers engineering services; wafer foundry, assembly, and test subcontracting manufacturing services; and timing systems, application-specific integrated circuits, and products for aerospace applications. The company was incorporated in 1989 and is headquartered in Chandler, Arizona.",NMS,Mr. Stephen  Sanghi,United States,,false,false,true,https://www.microchip.com,,USD,17900,Chandler,AZ,480 792 7200,2355 West Chandler Boulevard,2.24,2026-10-07T23:38:26+00:00,2026-10-07T23:38:26+00:00,Equity,0.0719,0.03536,0.60194,0.23958,0.0934,0.38,,5122299904,1506099968,1364762496,367200000,255400000,6.56734,31.533,9.272,5398700032,6432400000,14370100000,272300000,,1.921,0.958,83.688,2.6765,0.226,0.01787,1.02683,0.0803
ADI,"Analog Devices, Inc.",410.079987,198710607872,2388853,3514935,411.494995,404.609985,413.587585,410.079987,-10.470001,-2.489597,420.549988,2026-10-07,,,1.231,484565465,48.703087,8.42,Technology,Semiconductors,"Analog Devices, Inc. engages in the design, manufacture, testing, and marketing of integrated circuits (ICs), software, and subsystems products in the United States, rest of North and South America, Europe, Japan, China, and rest of Asia. It provides data converter products, which translate real-world analog signals into digital data, as well as translates digital data into analog signals; power management and reference products for power conversion, driver monitoring, sequencing, and energy management applications in the automotive, communications, industrial, and consumer markets; and power ICs that include performance, integration, and software design simulation tools for accurate power supply designs. The company also offers amplifiers to condition analog signals; and radio frequency and microwave ICs to support cellular infrastructure; and micro-electro-mechanical systems technology solutions, including accelerometers used to sense acceleration, gyroscopes for sense rotation, inertial measurement units to sense multiple degrees of freedom, and broadband switches for radio and instrument systems, as well as isolators. In addition, it provides digital signal processing and system products for numeric calculations. The company serves clients in the industrial, automotive, consumer, instrumentation, aerospace, defense and healthcare, and communications markets through a direct sales force, third-party distributors, and independent sales representatives, as well as online. The company was incorporated in 1965 and is headquartered in Wilmington, Massachusetts.",NMS,Mr. Vincent T. Roche,United States,,false,false,true,https://www.analog.com,,USD,24500,Wilmington,MA,781 935 5565,One Analog Way,1.05,2026-10-07T23:38:27+00:00,2026-10-07T23:38:27+00:00,Equity,0.12227,0.06406,0.658,0.39503,0.29787,0.396,1.635,13881744384,6922700800,4147339008,4135003904,321560000,5.922674,29.692,14.807,9164060672,33815755000,47992712000,2324933888,,1.25,0.834,27.314,0.4964,0.5757,0.00236,0.93834,0.0199
ON,ON Semiconductor Corporation,82.510002,32122681344,12959344,10001531,84,82.050003,85.209999,82.510002,-3.799995,-4.402729,86.309998,2026-10-07,,,2.052,389318613,53.23226,1.55,Technology,Semiconductors,"ON Semiconductor Corporation provides intelligent sensing and power solutions in Hong Kong, Singapore, the United Kingdom, the United States, and internationally. It operates through three segments: Power Solutions Group, Analog and Mixed-Signal Group, and Intelligent Sensing Group. The Power Solutions Group segment offers discrete, module, and integrated semiconductor devices designed to enable power conversion, including power switching, signal conditioning, and circuit protection technologies. Its Analog and Mixed-Signal Group segment designs and develops analog and mixed-signal solutions, including power management, sensor interface, connectivity, and standard products for automotive, industrial automation, AI data centers, computing, and mobile end markets. The Intelligent Sensing Group segment develops complementary metal-oxide-semiconductor image sensors, image signal processors, short-wave infrared sensors, and other products, as well as photon-counting technologies, including single-photon avalanche diode arrays and silicon photomultiplier devices for depth sensing, factory automation, safety systems, and robotics industries. ON Semiconductor Corporation was incorporated in 1992 and is headquartered in Scottsdale, Arizona.",NMS,Mr. Hassane S. El-Khoury,United States,,false,false,true,https://www.onsemi.com,,USD,22600,Scottsdale,AZ,602 244 6600,5701 North Pima Road,0,2026-10-07T23:38:28+00:00,2026-10-07T23:38:28+00:00,Equity,0.08312,0.0675,0.42776,0.19532,0.10168,0.092,0.366,6197799936,2089900032,1656649984,630200000,144300000,4.449658,15.784,5.322,4709000192,7673300000,12524100000,3864499968,,3.464,2.287,65.055,0,0.1645,0.00307,1.05838,0.1043
APTV,Aptiv PLC,44.220001,9181546496,2336098,4020226,44.349998,43.470001,44.380001,44.220001,-0.5,-1.118068,44.720001,2026-10-07,,,1.365,207633331,43.78218,1.01,Consumer Cyclical,Auto Parts,"Aptiv PLC, an industrial technology company, provides hardware and software solutions to support automotive and other industries in North America, Europe, the Middle East, Africa, the Asia Pacific, and South America. It operates through three segments: Advanced Safety and User Experience, Engineered Components, and Electrical Distribution Systems. The company offers active safety, user experience and smart vehicle compute, and software products for vehicle safety and security, including intelligent sensors, compute platforms, and software tools and services. It also provides connection systems, interconnects, and cable management and protection solutions for the distribution of power, signal, and data. Aptiv PLC was incorporated in 2011 and is based in Schaffhausen, Switzerland.",NYQ,Mr. Kevin P. Clark,Switzerland,,false,false,true,https://www.aptiv.com,,USD,140000,Schaffhausen,,41 52 580 96 00,Spitalstrasse 5,0,2026-10-07T23:38:29+00:00,2026-10-07T23:38:29+00:00,Equity,0.05158,0.06715,0.19251,0.12676,0.01072,0.023,-0.353,20518000640,3232999936,1615874944,470000000,139000000,1.052657,4.363,0.687,5683999744,9207000000,23413000000,761000000,,2.018,1.273,64.938,0,0.9507,0.00841,1.05471,0.0487
BWA,BorgWarner Inc.,62.360001,12700634112,2219840,2232968,62.32,61.145,62.669998,62.360001,-1,-1.578283,63.360001,2026-10-07,,,1.141,203666354,31.18,2,Consumer Cyclical,Auto Parts,"BorgWarner Inc., together with its subsidiaries, provides technology solutions for combustion, hybrid, and electric vehicles worldwide. The company operates through the Turbos & Thermal Technologies; Drivetrain & Morse Systems; PowerDrive Systems; and Battery & Charging Systems segments. It offers turbochargers, eBoosters, eTurbos, emissions systems, thermal systems, gasoline ignition technology, smart remote actuators, powertrain sensors, cabin heaters, battery heaters, and battery cooling systems. The company also provides chain systems and variable camshaft phasing products; friction and mechanical products for automatic transmissions, including dual clutch modules, friction clutch modules, electromagnetic clutches, friction and separator plates, transmission bands, torque converter clutches, one-way clutches, and torsional vibration dampers; hydraulic controls products for automatic transmissions, such as electro-hydraulic solenoids for standard and hydraulic systems, transmission solenoid modules and dual clutch hydraulic control modules; and torque management products comprising transfer cases and couplings; electronic limited slip differentials, electric torque vectoring products, and axle disconnect systems. In addition, it offers power electronics, including inverters, onboard chargers, DC/DC converters, and combination boxes; rotating electric machines comprising eMotors and generators; fully integrated drive modules consisting of inverters and gear reducers; and electronic controls, such as engine control units, transmission control units, battery management systems, propulsion controllers, and domain controllers. Further, the company provides battery and charging systems, including nickel manganese cobalt battery packs and lithium iron phosphate battery packs. BorgWarner Inc. was formerly known as Borg-Warner Automotive, Inc. The company was founded in 1928 and is headquartered in Auburn Hills, Michigan.",NYQ,Mr. Joseph F. Fadool,United States,,false,false,true,https://www.borgwarner.com,,USD,37500,Auburn Hills,MI,248 754 9200,3850 Hamlin Road,1.07,2026-10-07T23:38:30+00:00,2026-10-07T23:38:30+00:00,Equity,0.08056,0.06331,0.19325,0.10636,0.02893,0.003,0.301,14343999488,2036000000,1066249984,415000000,66000000,2.259502,7.119,1.011,4064999936,5442000000,13769000000,2448000000,,2.127,1.662,70.11,0.34,0.326,0.00614,1.09251,0.0359
LEA,Lear Corporation,119.629997,5900721152,421806,639582,120.5,118.32,120.830002,119.629997,-2.370003,-1.942625,122,2026-10-07,,,1.302,49324764,11.138734,10.74,Consumer Cyclical,Auto Parts,"Lear Corporation designs, develops, engineers, manufactures, assembles, and supplies automotive seating, and electrical distribution systems and related components for automotive original equipment manufacturers in North America, Europe, Africa, Asia, and South America. Its Seating segment offers seat systems, keyseat components, seat trim covers, seat mechanisms, thermal comfort systems such as seat heating, ventilation, active cooling, pneumatic lumbar and massage products, seat cushioning, and headrests, as well as surface materials, such as leather and fabric for light trucks, compact cars, pick-up trucks, and sport utility vehicles. The company's E-Systems segment provides electrical distribution and connection systems that route electrical signals and networks; and manage electrical power within the vehicle for various powertrains. This segment's products comprise wire harnesses, terminals and connectors, engineered components, and junction boxes; electronic system products, including body domain control modules, and high voltage switching and power control systems. It also offers software and connected services. In addition, this segment provides cybersecurity software. It offers its products and services under the GUILFORD, EAGLE OTTAWA, THAGORA, IGB AUTOMOTIVE, COMFORTFLEX BY LEARTM, LEAR, CONFIGURE+, FLEXAIR , INTU, RENEWKNIT, SOYFOAM, ProTec, and TeXstyle brands. The company was founded in 1917 and is headquartered in Southfield, Michigan.",NYQ,Mr. Raymond E. Scott Jr.,United States,,false,false,true,https://www.lear.com,,USD,164300,Southfield,MI,248 447 1500,21557 Telegraph Road,2.52,2026-10-07T23:38:31+00:00,2026-10-07T23:38:31+00:00,Equity,0.12094,0.04403,0.07696,0.04153,0.02346,0.03,0.239,23700600832,1699600000,858987520,556000000,66200000,1.1438,5.033,0.361,3515699968,5035100000,14843100000,1006700032,,1.314,0.85,66.026,0.2868,0.36,0.00488,1.10644,0.0605
MGA,Magna International Inc.,65.029999,17396815872,1096759,1201871,65.239998,64.230003,65.660004,65.029999,-0.630005,-0.959496,65.660004,2026-10-07,,,1.808,267519846,23.908087,2.72,Consumer Cyclical,Auto Parts,"Magna International Inc. operates as an automotive supplier in North America, Europe, the Asia Pacific, and internationally. It operates through four segments: Body Exteriors & Structures, Power & Vision, Seating Systems, and Complete Vehicles. The company offers design and vehicle concepts, complete vehicle engineering and integration, human-machine interface, developing modules and systems, platform solutions, prototyping and low-volume manufacturing, vehicle safety testing, aerospace, and integrating functionality, features, and ADAS; and complete vehicle solutions, body-in-white, paint, and assembly complete vehicle manufacturing products. It also provides engineering services for commercial vehicles, such as propulsion engineering, software and simulation, testing services, and smart production; OPTiForm, a battery enclosure, steel battery enclosures, aluminum battery enclosures, and hybrid battery enclosures; battery enclosure production and engineering solutions; SmartAccess, a B-Pillarless power door system; and composite EV battery covers. In addition, it offers energy management solutions; hot stamping, high strength steels, aluminum castings, and high-pressure vacuum casting; suspension links and arms, twist axle, carbon fiber subframe, and frames; ADAS and Automated Driving, including Cameras, thermal sensing, interior sensing, complete radar portfolio, and compute units; and chassis control, glow plug control, powertrain control, and mechatronic control modules. Further, it provides exterior and interior products comprising assist steps, engineered glass, exterior solutions, greenhouse surrounds, lighting, mechatronics, mirrors, and seating; and powertrain products consisting BEV, Hybrid, and ICE powertrain, as well as modules and components, and energy storage systems. Magna International Inc. was founded in 1957 and is based in Aurora, Canada.",NYQ,Mr. Seetarama  Kotagiri M.Sc.,Canada,,false,false,true,https://www.magna.com,,USD,156000,Aurora,ON,905 726 2462,337 Magna Drive,3.02,2026-10-07T23:38:32+00:00,2026-10-07T23:38:32+00:00,Equity,0.06509,0.04535,0.14713,0.05601,0.01783,0.033,0.278,42671001600,4303000064,2337499904,761000000,,1.47856,5.262,0.531,6469000192,12493000000,31417000000,1430000000,,1.215,0.825,53.427,0.7206,0.3606,0.05522,0.77007,0.0288
DAN,Dana Incorporated,28.02,3014298624,888775,1404112,27.799999,27.469999,28.040001,28.02,-0.41,-1.442138,28.43,2026-10-07,,,2.034,107576679,,-0.36,Consumer Cyclical,Auto Parts,"Dana Incorporated, together with its subsidiaries, provides power-conveyance and energy-management solutions for on-highway vehicles in North America, Europe, South America, and the Asia Pacific. The Light Vehicle segment provides axles, driveshafts, internal combustion engine (ICE), hybrid and electric transmissions, e-axle and e-transmission systems, inverters, electric motors, controllers, sealing and thermal products, e-sealing, e-thermal cooling systems, battery and electronics cooling, hydrogen fuel cell cooling, and new power industrial cooling. The Commercial Vehicle segment offers axles, driveshafts, hybrid and electric transmissions, e-axle and e-transmission systems, inverters, electric motors, controllers. The company offers electrodynamic technologies comprising motors, inverters, software and control systems, battery-management systems, and fuel cell plates. The company also provides sealing solutions, such as gaskets, seals, cam covers, and oil pan modules; thermal-management technologies, including transmission and engine oil cooling, battery and electronics cooling, charge air cooling, and thermal-acoustical protective shielding; and digital solutions that include active and passive system controls, as well as descriptive and predictive analytics. It serves vehicle manufacturers in the global light vehicle, medium/heavy vehicle. The company was formerly known as Dana Holding Corporation and changed its name to Dana Incorporated in August 2016. Dana Incorporated was founded in 1904 and is headquartered in Maumee, Ohio.",NYQ,"Mr. R. Bruce McDonald C.A., CPA",United States,,false,false,true,https://www.dana.com,,USD,27300,Maumee,OH,419 887 3000,3939 Technology Drive,1.69,2026-10-07T23:38:33+00:00,2026-10-07T23:38:33+00:00,Equity,-0.01627,0.02798,0.09462,0.05075,0.14552,0.039,,7662000128,670000000,631249984,-45000000,40000000,1.569924,6.342,0.555,1503000064,840000000,7808000000,331000000,,1.487,0.871,75.794,0.597,4.21,0.01555,1.02326,0.0624
STLA,Stellantis N.V.,4.61,17367363584,29150518,23184728,4.68,4.59,4.695,4.61,0,0,4.61,2026-10-07,,,1.035,2900941252,,-8.73,Consumer Cyclical,Auto Manufacturers,"Stellantis N.V. engages in the designing, engineering, manufacturing, distribution, and sale of automobiles and light commercial vehicles, engines, transmission systems, and mobility services worldwide. It provides luxury and premium vehicles; sport utility vehicles; and parts and accessories. The company also provides contract services; retail and dealer financing services; and vehicle leasing and rental services, as well as engages in after-market parts and service businesses and data businesses. It offers its products under the Abarth, Alfa Romeo, Chrysler, Citroën, DS Automobiles, Dodge, Fiat, Jeep, Maserati, Ram Trucks, Opel, Lancia, Vauxhall, Peugeot, Free2move, Share Now, Leasys, and Comau brand names through distributors and dealers. The company has a strategic collaboration with Microsoft Corporation for the development of AI initiatives across sales, customer care, and operations. The company operates in North America, France, Brazil, Italy, Germany, the United Kingdom, Turkiye, Spain, Argentina, Belgium, Austria, the Netherlands, Portugal, Poland, Algeria, Morocco, Japan, China, and internationally. Stellantis N.V. was founded in 1899 and is based in Hoofddorp, the Netherlands.",NYQ,Mr. John Jacob Philip Elkann,Netherlands,,false,false,true,https://www.stellantis.com,,USD,258668,Hoofddorp,,31 23 700 1511,Taurusavenue 1,0,2026-10-07T23:38:35+00:00,2026-10-07T23:38:35+00:00,Equity,-0.28694,-0.01281,0.06554,0.02238,-0.12105,0.131,,160860995584,-313000000,-3343500032,-19471998976,,0.209026,-108.557,0.211,52097998848,53551000000,195153000000,31950999552,,1.037,0.684,84.387,0.611,0.8461,0.25209,0.47554,0.0513
TM,Toyota Motor Corporation,182.910004,216598986752,314929,365784,183,182.009995,183.449997,182.910004,-2.660004,-1.433423,185.570007,2026-10-07,,,0.375,1184183366,8.036468,22.76,Consumer Cyclical,Auto Manufacturers,"Toyota Motor Corporation designs, manufactures, assembles, and sells passenger vehicles, minivans and commercial vehicles, and related parts and accessories in Japan, North America, Europe, Asia, Central and South America, Oceania, Africa, the Middle East, and internationally. The company operates through Automotive, Financial Services, and All Other segments. The company offers subcompact and compact cars; mini-vehicles; mid-size, luxury, sports, and specialty cars; recreational and sport-utility vehicles; pickup trucks; minivans; trucks; and buses. It also develops and sells battery and hybrid electric vehicles and batteries. In addition, the company provides financial services, such as retail financing and leasing, wholesale financing, insurance, and credit cards. Further, it operates GAZOO.com, a web portal for automobile information, as well as engages in telecommunications and other businesses. It offers vehicles under the Toyota and Lexus brand names. It has strategic manufacturing alliance with Joby Aviation, Inc. to establish a joint venture to realize air mobility. Toyota Motor Corporation was founded in 1933 and is headquartered in Toyota, Japan.",NYQ,Mr. Yoichi  Miyazaki,Japan,,false,false,true,https://global.toyota,,USD,367990,Toyota,,81 565 28 2121,1 Toyota-cho,3.38,2026-10-07T23:38:36+00:00,2026-10-07T23:38:36+00:00,Equity,0.12404,0.02339,0.16767,0.07863,0.0863,0.104,0.869,51957024686080,5600540884992,-3599962472448,4483796959232,,14.874155,6.247,0.673,43953168580608,39918854000000,105522331000000,13350560858112,,1.169,0.953,114.974,0.2585,1.56,0.00004,0.02233,0.0009
HMC,"Honda Motor Co., Ltd.",31.67,41097277440,1112914,997815,31.67,31.51,31.74,31.67,-0.139999,-0.440111,31.809999,2026-10-07,,,0.328,1297672194,,-0.72,Consumer Cyclical,Auto Manufacturers,"Honda Motor Co., Ltd. engages in the development, manufacturing, and distribution of motorcycles, automobiles, and power products in Japan, North America, Europe, Asia, and internationally. It operates through four segments: Motorcycle Business, Automobile Business, Financial Services Business, and Power Product and Other Businesses. The Motorcycle Business segment produces motorcycles, including sports, business, and commuter models; and various off-road vehicles, such as all-terrain vehicles and side-by-sides. The Automobile Business segment offers passenger cars, light trucks, and mini vehicles. The Financial Services Business segment provides various financial services, including retail lending and leasing services to customers, as well as wholesale financing services to dealers. The Power Product and Other Businesses manufactures and sells power products, such as general-purpose engines, lawn mowers, generators, water pumps, brush cutters, and tillers. This segment also offers HondaJet aircraft. The company also sells spare parts; and provides after-sales services through retail dealers directly, as well as through independent distributors and licensees. Honda Motor Co., Ltd. was founded in 1946 and is headquartered in Tokyo, Japan.",NYQ,Mr. Toshihiro  Mibe,Japan,,false,false,true,https://www.honda.co.jp,,USD,195109,Tokyo,,81 3 3423 1111,Toranomon Althea Tower 2-2-3 Toranomon,4.19,2026-10-07T23:38:37+00:00,2026-10-07T23:38:37+00:00,Equity,-0.00762,-0.00154,0.17447,0.08756,-0.00754,0.135,1.475,22517855027200,1282138046464,267755618304,-169696002048,,0.524389,7.162,0.408,14376177238016,11817512000000,33509285000000,5502037131264,,1.289,0.951,113.838,0.5572,3.45,0.00006,0.04198,0.0015
AN,"AutoNation, Inc.",156.210007,5164428800,585422,496348,157.029999,154.300003,156.889999,156.210007,-1.929993,-1.220433,158.139999,2026-10-07,,,0.814,33060806,7.235294,21.59,Consumer Cyclical,Auto & Truck Dealerships,"AutoNation, Inc., through its subsidiaries, operates as an automotive retailer in the United States. The company operates through four segments: Domestic, Import, Premium Luxury, and AutoNation Finance. It offers a range of automotive products and services, including new and used vehicles; and parts and services, such as automotive repair and maintenance, and wholesale parts and collision services. The company also provides automotive finance and insurance products comprising vehicle services and other protection products; and indirect financing, as well as arranges finance for vehicle purchases through third-party finance sources. It owns and operates new vehicle franchises from stores located in metropolitan markets in the Sunbelt region, as well as AutoNation-branded collision centers, AutoNation USA used vehicle stores, AutoNation-branded automotive auction operations, and parts distribution centers. The company was formerly known as Republic Industries, Inc. and changed its name to AutoNation, Inc. in 1999. AutoNation, Inc. was incorporated in 1980 and is headquartered in Fort Lauderdale, Florida.",NYQ,Mr. Michael M. Manley,United States,,false,false,true,https://www.autonation.com,,USD,24800,Fort Lauderdale,FL,954 769 6000,200 SW 1st Avenue,0,2026-10-07T23:38:38+00:00,2026-10-07T23:38:38+00:00,Equity,0.32767,0.05435,0.17835,0.04449,0.02822,-0.006,1.385,27448500224,1515500032,356124992,774700032,46500000,2.290704,10.85,0.599,11331300352,2341100000,14392200000,53300000,,0.782,0.147,501.585,0,0.4662,0.01434,1.02456,0.1198
PAG,"Penske Automotive Group, Inc.",194.220001,12753043456,760866,417114,197.360001,192.639999,198.899994,194.220001,-4.789993,-2.406911,199.009995,2026-10-07,,,0.911,65662873,13.658228,14.22,Consumer Cyclical,Auto & Truck Dealerships,"Penske Automotive Group, Inc., a diversified transportation services company, operates automotive and commercial truck dealerships in the United States, the United Kingdom, Germany, Italy, Japan, Canada, Australia, New Zealand, and internationally. It operates through four segments: Retail Automotive, Retail Commercial Truck, Other, and Non-Automotive Investments. The company operates franchise dealerships under franchise agreements with various automotive manufacturers and distributors. It is also involved in the sale of new and used vehicles, maintenance and repair services, sale and placement of third-party finance and insurance products, third-party extended service and maintenance contracts, replacement and aftermarket automotive products, collision repair services, and wholesale of parts. In addition, the company operates a heavy and medium duty truck dealership, which offers Freightliner and Western Star branded trucks, as well as offers a range of used trucks. Further, it imports and distributes Western Star heavy-duty trucks, MAN heavy and medium duty trucks and buses, and Dennis Eagle refuse collection vehicles with associated parts, as well as distributes diesel and gas engines, and power systems. Penske Automotive Group, Inc. was incorporated in 1990 and is headquartered in Bloomfield Hills, Michigan. Penske Automotive Group, Inc. operates as a subsidiary of Penske Corporation, Inc.",NYQ,Mr. Roger S. Penske Sr.,United States,,false,false,true,https://www.penskeautomotive.com,,USD,28600,Bloomfield Hills,MI,248 648 2500,2555 Telegraph Road,2.89,2026-10-07T23:38:39+00:00,2026-10-07T23:38:39+00:00,Equity,0.15842,0.04236,0.16149,0.03966,0.02814,0.06,-0.017,32198500352,1394800000,218100000,906000000,30200000,2.193015,15.825,0.686,9371199488,5562400000,17597700000,69500000,,0.975,0.17,160.647,0.3882,2.1138,0.21178,0.81001,0.118
GPI,"Group 1 Automotive, Inc.",232.610001,2773228800,283226,227448,234.5,229.940002,236.279999,232.610001,-4.350006,-1.835755,236.960007,2026-10-07,,,0.919,11922225,9.720434,23.93,Consumer Cyclical,Auto & Truck Dealerships,"Group 1 Automotive, Inc., through its subsidiaries, operates in the automotive retail industry in the United States and the United Kingdom. The company sells new and used cars and light trucks through its dealerships and digital platform; and service and insurance contracts. It also engages in the wholesale of used vehicles at third-party auctions; wholesale and retail of vehicle and replacement parts; and arrangement of related vehicle financing. In addition, the company offers automotive maintenance and collision repair services. Group 1 Automotive, Inc. was incorporated in 1995 and is headquartered in Houston, Texas.",NYQ,Mr. Daryl Adam Kenningham,United States,,false,false,true,https://www.group1auto.com,,USD,20452,Houston,TX,713 647 5700,730 Town and Country Boulevard,0.93,2026-10-07T23:38:40+00:00,2026-10-07T23:38:40+00:00,Equity,0.0949,0.05499,0.15946,0.03827,0.01309,-0.056,-0.201,22154799104,1027800000,135050000,285200000,29000000,0.929533,8.125,0.377,5776500224,2789000000,10349600000,169300000,,1.02,0.204,195.668,0.0878,0.2864,0.02387,1.11747,0.156
KMX,"CarMax, Inc.",53.279999,7562712064,3338522,2559893,54.57,52.959999,54.82,53.279999,-2.010002,-3.635381,55.290001,2026-10-07,,,1.226,141942807,25.251186,2.11,Consumer Cyclical,Auto & Truck Dealerships,"CarMax, Inc., through its subsidiaries, operates as a retailer of used vehicles and related products in the United States. The company operates in two segments: CarMax Sales Operations and CarMax Auto Finance. The CarMax Sales Operations segment offers customers a range of makes and models of used vehicles, including domestic, imported, and luxury vehicles, as well as hybrid and electric vehicles; wholesale auctions; extended protection plans to customers at the time of sale; and reconditioning and vehicle repair services. The CarMax Auto Finance segment provides financing alternatives for retail customers across a range of credit spectrum and arrangements with various financial institutions. The company was founded in 1993 and is based in Richmond, Virginia.",NYQ,Mr. Enrique N. Mayor-Mora,United States,,false,false,true,https://www.carmax.com,,USD,28000,Richmond,VA,804 747 0422,12800 Tuckahoe Creek Parkway,0,2026-10-07T23:38:41+00:00,2026-10-07T23:38:41+00:00,Equity,0.04677,0.0178,0.11689,0.02834,0.00993,0.177,0.816,29457434624,1127090048,632307968,292444992,99018000,1.235736,22.591,0.864,18070312960,5888856000,26367903000,170524992,,2.329,0.18,286.624,0,0.6127,0.00475,1.0509,0.0786
WAT,Waters Corporation,435.98999,42808049664,770876,770675,436,427.410004,440.369995,435.98999,-0.440002,-0.100819,436.429993,2026-10-07,,,1.149,98185855,110.37721,3.95,Healthcare,Diagnostics & Research,"Waters Corporation provides analytical workflow solutions in Asia, the Americas, and Europe. The company operates through two segments, Waters and TA. The company designs, manufactures, sells, and services liquid chromatography, as well as mass spectrometry (MS) technology systems and supports products, including chromatography columns, and other consumable products. It also designs, manufactures, sells, and services thermal analysis, rheometry, and calorimetry instruments for use in predicting the suitability and stability of fine chemicals, pharmaceuticals, water, polymers, metals, and viscous liquids for various industrial, consumer goods, and healthcare products, as well as for life science research; and develops and supplies software-based products that interface with its instruments, as well as other manufacturers' instruments. In addition, the company offers MS technology, which is used in drug discovery and development comprising clinical trial testing, the analysis of proteins in disease processes, nutritional safety analysis, and environmental testing. Its products are used by clinical, pharmaceutical, biochemical, industrial, nutritional safety, environmental, academic, and governmental customers working in research and development, quality assurance, and other laboratory applications. The company was founded in 1958 and is headquartered in Milford, Massachusetts.",NYQ,Dr. Udit  Batra Ph.D.,United States,,false,false,true,https://www.waters.com,,USD,16000,Milford,MA,508 478 2000,34 Maple Street,0,2026-10-07T23:38:43+00:00,2026-10-07T23:38:43+00:00,Equity,0.0192,0.03558,0.56337,0.09422,0.03588,1.134,,4644285952,1452048000,-142067632,166628992,54127000,2.818366,32.901,10.286,5477000192,2561242000,5076550000,539000000,,1.861,1.053,36.045,0,1.5658,0.00104,1.02083,0.0337
BIO,"Bio-Rad Laboratories, Inc.",367.920013,9837509632,251902,276945,373.160004,364.070007,374.480011,367.920013,-0.909973,-0.246719,368.829987,2026-10-07,,,1.068,21677137,46.63118,7.89,Healthcare,Medical Devices,"Bio-Rad Laboratories, Inc. develops, manufactures, and distributes life science research and clinical diagnostic products in the United States, Europe, Asia, Canada, Latin America, and internationally. It operates through two segments, Life Science and Clinical Diagnostics. The Life Science segment develops, manufactures, and markets instruments, systems, reagents, and consumables to separate, purify, characterize, and quantify biological materials, including cells, proteins, and nucleic acids used in research and biopharmaceutical laboratory environments, as well as for biopharmaceutical manufacturing, quality control process, food safety, and science education applications. This segment serves universities and medical schools, industrial research organizations, government agencies, pharmaceutical manufacturers, biotechnology companies, food producers, and testing laboratories. Its Clinical Diagnostics segment designs, manufactures, markets, and supports diagnostic test systems, informatics systems, test kits, and specialized quality controls for clinical, hospital, diagnostic reference, and transfusion and physician office laboratories, as well as software. The company offers its products through its direct commercial organization, as well as through distributors, agents, brokers, and resellers. Bio-Rad Laboratories, Inc. was founded in 1952 and is headquartered in Hercules, California.",NYQ,Mr. Norman D. Schwartz,United States,,false,false,true,https://www.bio-rad.com,,USD,7450,Hercules,CA,510 724 7000,1000 Alfred Nobel Drive,0,2026-10-07T23:38:44+00:00,2026-10-07T23:38:44+00:00,Equity,0.0311,0.01663,0.52041,0.11183,0.08589,-0.001,0.187,2589299968,441000000,283187488,222400000,58000000,1.371285,21.745,3.703,1370400000,7453600000,10576500000,1618499968,,3.142,2.153,19.103,0,4.01,0.16406,0.91552,0.0628
LZAGY,Lonza Group AG,69.080002,49152720896,2908,44785,68.75,68.639999,69.239998,69.080002,-0.040001,-0.057872,69.120003,2026-10-07,,,0.811,698442290,36.357895,1.9,Healthcare,Diagnostics & Research,"Lonza Group AG, together with its subsidiaries, operates as a contract development and manufacturing organization for pharma and biotech companies in Europe, North and Central America, Latin America, Asia, Australia, New Zealand, and internationally. It operates through Integrated Biologics; Advanced Synthesis; and Specialized Modalities segments. The Integrated Biologics segment offers CDMO biologics services from clinical development, drug substance, and drug product manufacturing; and operates mammalian and drug product platforms. Its Advanced Synthesis segment manufactures antibody-drug conjugates (ADCs) and other bioconjugates, small molecules, and highly potent active pharmaceutical ingredients; and operates small molecules and bioconjugates platforms. The Specialized Modalities segment operates various technologies, such as spanning cell & gene, microbial, bioscience, and mRNA. Lonza Group AG was incorporated in 1897 and is headquartered in Basel, Switzerland.",PNK,Dr. Wolfgang  Wienand Ph.D.,Switzerland,,false,false,true,https://www.lonza.com,,USD,20141,Basel,,41 61 316 81 11,Muenchensteinerstrasse 38,0.92,2026-10-07T23:38:46+00:00,2026-10-07T23:38:46+00:00,Equity,0.12895,0.05444,0.37142,0.23414,-0.01601,0.112,0.392,6871000064,2390000128,-1567000064,1080999936,57000000,4.8997,21.724,7.556,4167000064,7913000000,17907000000,487000000,,1.663,0.588,51.116,0.3254,1.0052,0,0.00038,
NVO,Novo Nordisk A/S,38.259998,168893218816,13531267,12468990,37.57,37.507999,38.459999,38.259998,0.73,1.945109,37.529999,2026-10-07,,,0.384,3339483124,9.354523,4.09,Healthcare,Drug Manufacturers - General,"Novo Nordisk A/S, together with its subsidiaries, engages in the research and development, manufacture, and distribution of pharmaceutical products. It operates through two segments, Obesity and Diabetes Care, and Rare Disease. The Obesity and Diabetes care segment provides products for diabetes, obesity, cardiovascular, and other emerging therapy areas. The Rare Disease segment offers products in the areas of rare blood disorders, rare endocrine disorders, and hormone replacement therapy. The company also provides NovoPen 6 and NovoPen Echo Plus, smart insulin pens; Dose Check, an insulin dose guidance application; growth hormone pens and injection needles; and Wegovy pill an oral glucagon-like peptide-1 (GLP-1) receptor agonist therapy for weight management. The company has a collaboration with Anthropic accelerate the development of new medicines and advance AI-driven software development. It operates in Europe, Canada, the United States, Japan, Korea, Oceania, Southeast Asia, Mainland China, Hong Kong and Taiwan, Latin America, the Middle East, and Africa. It has a strategic collaboration with Orbis Medicines to discover and develop oral macrocycle therapeutics for cardiometabolic diseases. The company was formerly known as Novo Industri A/S and changed its name to Novo Nordisk A/S in April 1989. The company was founded in 1923 and is headquartered in Bagsvaerd, Denmark.",NYQ,Mr. Karsten Munk Knudsen,Denmark,,false,false,true,https://www.novonordisk.com,,USD,66700,Bagsvaerd,,45 44 44 88 88,Novo Alle 1,4.79,2026-10-07T23:38:47+00:00,2026-10-07T23:38:47+00:00,Equity,0.59815,0.18729,0.81987,0.4254,0.35347,0.021,-0.206,329430990848,173677002752,37673250816,116442996736,,5.046992,1.523,0.803,140126994432,194047000000,542902000000,44982001664,,0.873,0.642,63.327,0.4509,4.3209,0.00003,0.09891,0.0083
AZN,AstraZeneca PLC,160.119995,248331010048,2362098,3411078,159.119995,158.529999,161.289993,160.119995,1.509995,0.952017,158.610001,2026-10-07,,,0.212,1550905742,23.934229,6.69,Healthcare,Drug Manufacturers - General,"AstraZeneca PLC, a biopharmaceutical company, focuses on the discovery, development, manufacture, and commercialization of prescription medicines. The company offers Imjudo, Datroway, Iressa, Tagrisso, Imfinzi, Lynparza, Calquence, Enhertu, Orpathys, Truqap, Zoladex, Faslodex, Crestor, Andexxa, Onglyza, Symlin, XIGDUO XR, Atacand, Atacand HCT, Atacand Plus, Farxiga/Forxiga, Plendil, Modip, Splendil, Munobal, Flodil, Tenormin, Tenormine, Prenormine, Atenol, Zestril, Brilinta/Brilique, Komboglyze, Qtern, Wainua, Byetta, Lokelma, Seloken ZOK, Toprol-XL, Betaloc ZOK, XIGDUO, Accolate, Accoleit, Vanticon, Bricanyl Respules, Eklira Genuair/Tudorza/Bretaris, Pulmicort Turbuhaler, Symbicort Turbuhaler, Airsupra, Bricanyl Turbuhaler, Fasenra, Rhinocort, Tezspire, Bevespi Aerosphere, Daliresp/Daxas, Oxis Turbuhaler, Saphnelo, Breztri Aerosphere, Duaklir Genuair, Pulmicort Respules, and Symbicort pMDI. It also provides Beyfortus, Kavigale, Evusheld, Fluenz/FluMist, Synagis, Kanuma, Ultomiris, Koselugo, Voydeya, Soliris, Strensiq, Nexium, and other medicines. The company offers its products for ocology, cardiovascular, renal and metabolism, respiratory & immunology, vaccines and immune, and therapies rare diseases. It serves primary and specialty care physicians through distributors and local representative offices in the United Kingdom, the Americas, rest of Europe, Asia, Africa, and Australasia. It has a strategic agreement with Tempus and Pathos to develop the largest multimodal foundation model in oncology; CSPC Pharmaceutical Group Limited to advance the discovery and development of novel oral candidates, with the potential to treat diseases across multiple indications; and Nucs AI Inc. to develop AI-driven Response Prediction for Therapeutic Radioconjugates. The company was formerly known as Zeneca Group PLC and changed its name to AstraZeneca PLC in April 1999. AstraZeneca PLC was incorporated in 1992 and is headquartered in Cambridge, the United Kingdom.",NYQ,"Mr. Pascal Claude Roland Soriot D.V.M., M.B.A.",United Kingdom,,false,false,true,https://www.astrazeneca.com,,USD,96100,Cambridge,,44 20 3749 5000,1 Francis Crick Avenue,2.02,2026-10-07T23:38:48+00:00,2026-10-07T23:38:48+00:00,Equity,0.21965,0.08206,0.8169,0.23459,0.17022,0.064,0.025,61366001664,20248999936,5120999936,10446000128,,4.937861,13.621,4.494,32349999104,48667000000,114074000000,4968000000,,0.886,0.664,64.225,0.4695,1.184,0.00051,0.65086,0.0013
NVS,Novartis AG,143.279999,272334422016,1852137,1957131,143.119995,142.544998,144.274994,143.279999,2.490005,1.768596,140.789993,2026-10-07,,,0.468,1900714840,21.643505,6.62,Healthcare,Drug Manufacturers - General,"Novartis AG researches, develops, manufactures, distributes, markets, and sells pharmaceutical medicines in Switzerland and internationally. The company offers Entresto, an angiotensin receptorneprilysin inhibitor to treat symptomatic chronic heart failure with reduced ejection fraction (HFrEF); Cosentyx to treat plaque psoriasis, pso riatic arthritis, ankylosing spondylitis, and nonradiographic axial spondy loarthritis; Kisqali, a selective oral cyclin dependent inhibitor of kinases 4 and 6 (CDK4/6); Promacta/Revolade to treat immune thrombocytopenia (ITP), thrombocytopenia, and patients with severe aplastic anemia (SAA); Tafinlar+Mekinist, an oral combination therapy to treat patients with certain types of cancers; and Jakavi for the treatment of myelofibrosis, polycythemia vera, and acute or chronic graftversushost disease (GvHD). It also provides Tasigna to treat philadelphia chromosomepositive chronic myeloid leukemia in the chronic and/or accelerated phase; Xolair for the treatment of allergic asthma and nasal polyps or severe chronic rhinosi nusitis with nasal polyps; Ilaris to treat fever syndromes, Still's disease, and acute gouty arthritis; Pluvicto to treat prostatespecific membrane anti genpositive metastatic castrationresistant prostate cancer; Sandostatin SC and Sandostatin LAR to treat acromegaly carcinoid tumors and other types of functional gastro intestinal and pancreatic neuroendocrine tumors; Zolgensma for the treatment of genetic root cause of spinal muscular atrophy; Lucentis; Leqvio to reduce LDL cholesterol; Lutathera; Scemblix; and Fabhalta. The company focuses on therapeutic areas, such as cardiovascular, renal and metabolic, immunology, neuroscience, oncology, and hematology. It has a license and collaboration agreement with Alnylam Pharmaceuticals, Inc. to develop, manufacture, and commercialize Leqvio (inclisiran), a therapy to reduce LDL cholesterol. Novartis AG was incorporated in 1996 and is headquartered in Basel, Switzerland.",NYQ,Dr. Vasant  Narasimhan M.D.,Switzerland,,false,false,true,https://www.novartis.com,,USD,75267,Basel,,41 61 324 11 11,Lichtstrasse 35,3.37,2026-10-07T23:38:49+00:00,2026-10-07T23:38:49+00:00,Equity,0.3035,0.1025,0.74976,0.3462,0.22502,0.008,-0.17,56692998144,23097999360,11900250112,12757000192,1096000000,6.555636,13.6,5.541,49014001664,46130000000,110949000000,7617999872,,0.862,0.55,116.85,0.716,3.3437,0.00012,0.07266,0.0027
GSK,GSK plc,47.02,94205288448,5852596,3725171,46.919998,46.689999,47.404999,47.02,0.420002,0.901292,46.599998,2026-10-07,,,0.28,2003515299,14.832808,3.17,Healthcare,Drug Manufacturers - General,"GSK plc, together with its subsidiaries, engages in the research, development, and manufacture of vaccines, specialty medicines, and general medicines to prevent and treat disease in the United Kingdom, the United States, and internationally. It operates through Commercial Operations and Total R&D segments. The company offers specialty medicines that include oncology, respiratory/immunology, inflammation, and inhaled medicines for HIV, respiratory eosinophildriven diseases, lupus and lupus nephritis, ovarian cancer, and endometrial cancer. It also provides vaccines for Shingles, Meningitis, RSV, Seasonal Influenza, Hepatitis, Diphtheria, Tetanus, Acellular Pertussis, Rotavirus, Pertussis, Polio, Haemophilus, Invasive Diseases, Pneumonia, Acute Otitis Media, Measles, Mumps, Rubella and Chickenpox, and Human Papilloma Virus. Additionally, the company offers general medicines for asthma, COPD, bacterial infection, benign prostatic hyperplasia, allergic rhinitis, and inflammatory skin conditions. It also focuses on the discovery, development, and commercialization of oral small molecule therapies for patients with unmet needs in oncology and inflammatory diseases. It has a collaboration agreement with CureVac to develop mRNA vaccines for infectious diseases; and strategic research collaboration with Engitix Ltd. to identify and validate novel therapeutic targets driving liver fibrosis regression. The company has a strategic alliance with AN2 Therapeutics, Inc. for the development of new therapies for TB. GSK plc was formerly known as GlaxoSmithKline plc and changed its name to GSK plc in May 2022. The company was founded in 1715 and is headquartered in London, United Kingdom.",NYQ,Ms. Julie Belita Brown A.C.A.,United Kingdom,,false,false,true,https://www.gsk.com,,USD,66841,London,,44 20 8047 5000,79 New Oxford Street,3.9,2026-10-07T23:38:50+00:00,2026-10-07T23:38:50+00:00,Equity,0.33383,0.10007,0.73493,0.30943,0.1452,0.053,-0.695,33202999296,10817999872,3482625024,4821000192,374000000,3.996952,10.069,3.281,18293000192,16377000000,61118000000,3105999872,,0.815,0.519,106.497,0.5655,6.1023,0.00061,0.17473,0.0073
GILD,"Gilead Sciences, Inc.",146.850006,182087434240,4960247,6059551,145.440002,144.850006,148.600006,146.850006,2.62001,1.81655,144.229996,2026-10-07,,,0.332,1239955155,,-2.65,Healthcare,Drug Manufacturers - General,"Gilead Sciences, Inc., a biopharmaceutical company, discovers, develops, and commercializes medicines in the areas of unmet medical need in the United States, Europe, and internationally. The company provides Biktarvy, Descovy, Genvoya, Odefsey, Sunlenca, Symtuza, and YeztugoFor the treatment of HIV-1 infection in patients. It also provides Epclusa, Livdelzi, and Vemlidy to treat chronic hepatitis C virus, primary biliary cholangitis, and chronic hepatitis B virus; Tecartus, a T-cell therapy for the treatment of adult patients; Trodelvy, an injection for intravenous use; and Yescarta, a suspension for intravenous infusion, is a CAR T-cell therapy for the treatment of adult patients. Further, it provides AmBisome, for the treatment of serious invasive fungal infections; and Veklury for the treatment of COVID-19. Additionally, the company engages in the development of various immunotherapies for patients with cancer and other incurable diseases. The company has collaboration agreements with Shenzhen Pregene Biopharma Co., Ltd.; Abingworth; Arcus Biosciences, Inc.; Merck Sharp & Dohme Corp.; Janssen Sciences Ireland Unlimited Company; Japan Tobacco, Inc.; Everest Medicines; Merck & Co, Inc.; Tentarix Biotherapeutics Inc.; and Assembly Biosciences, Inc. It also has research collaboration, option, and license agreement with Merus N.V. for the discovery of novel dual tumor-associated antigens (TAA) targeting trispecific antibodies. The company has a collaboration with Terray Therapeutics, Inc. to discover and develop small molecule therapies; and LEO Pharma to develop, manufacture, and commercialize the small molecule oral STAT6 program. The company has a partnership with Pan American Health Organization (PAHO) to accelerate access to lenacapavir for HIV prevention as pre-exposure prophylaxis (PrEP) across all PAHO member states in Latin America and the Caribbean. The company was incorporated in 1987 and is headquartered in Foster City, California.",NMS,Mr. Daniel Patrick  O'Day,United States,,false,false,true,https://www.gilead.com,,USD,17000,Foster City,CA,650 574 3000,333 Lakeside Drive,2.27,2026-10-07T23:38:51+00:00,2026-10-07T23:38:51+00:00,Equity,-0.2068,0.14085,0.79604,0.33679,-0.10638,0.102,,30456999936,14600999936,9768875008,-3240000000,894000000,15.406002,13.928,6.677,26246000640,22702000000,59023000000,4881999872,,1.265,0.902,223.465,0.4346,2.2696,0.0011,0.92195,0.0148
REGN,"Regeneron Pharmaceuticals, Inc.",742.119995,76404957184,626381,741548,738.049988,734.179993,753.659973,742.119995,3.400024,0.460259,738.719971,2026-10-07,,,0.153,101137842,18.351137,40.44,Healthcare,Biotechnology,"Regeneron Pharmaceuticals, Inc. discovers, invents, develops, manufactures, and commercializes medicines to treat various diseases worldwide. The company develops product candidates to treat eye, allergic and inflammatory, cardiovascular, metabolic, neurological, infectious, and rare diseases; and cancer, hematologic conditions. It also offers EYLEA injections for wet age-related macular degeneration and diabetic macular edema; myopic choroidal neovascularization; diabetic retinopathy; neovascular glaucoma; retinopathy of prematurity; Dupixent injection to treat atopic dermatitis and asthma; Libtayo injection for metastatic or locally advanced cutaneous squamous cell carcinoma; Praluent injection to treat heterozygous familial hypercholesterolemia (HoFH); and Kevzara solution for rheumatoid arthritis. It has license and collaboration agreement with Bayer for the development and commercialization of EYLEA 8 mg and EYLEA; Alnylam Pharmaceuticals, Inc. to discover, develop, and commercialize RNAi therapeutics for diseases by addressing therapeutic disease targets expressed in the eye and central nervous system; Intellia Therapeutics, Inc. to advance CRISPR/Cas9 gene-editing technology for in vivo therapeutic development for therapies focused on neurological and muscular diseases; Hansoh Pharmaceuticals Group Company Limited to acquire development and commercial rights for HS-20094, a dual GLP-1/GIP receptor; and Tessera Therapeutics, Inc. develops and commercializes TSRA-196, an investigational gene editing therapy for Alpha-1 antitrypsin deficiency. Additionally, the company has a strategic collaboration with Telix Pharmaceuticals Limited to develop and commercialize radiopharmaceutical therapies. It also has a strategic collaboration with CytomX Therapeutics, Inc. to create conditionally-activated bispecific cancer therapies. The company was incorporated in 1988 and is based in Tarrytown, New York.",NMS,"Dr. Leonard S. Schleifer M.D., Ph.D.",United States,,false,false,true,https://www.regeneron.com,,USD,15410,Tarrytown,NY,914 847 7000,777 Old Saw Mill River Road,0.51,2026-10-07T23:38:53+00:00,2026-10-07T23:38:53+00:00,Equity,0.14043,0.06526,0.44458,0.33106,0.27865,0.167,-0.045,15534699520,4702400000,3065299968,4328699904,993700000,2.347656,14.634,4.43,2706599936,31256900000,40558700000,7994599936,,3.335,2.633,8.535,0.09,1.3196,0.02085,0.93564,0.026
CAH,"Cardinal Health, Inc.",232.160004,53758816256,1096741,1937295,233.610001,230.622498,235.970001,232.160004,-1.279999,-0.54832,233.440002,2026-10-07,,,0.501,231559345,32.11065,7.23,Healthcare,Medical Distribution,"Cardinal Health, Inc. operates as a healthcare services and products company in the United States and internationally. It operates in two segments: Pharmaceutical and Specialty Solutions, and Global Medical Products and Distribution. The company offers customized solutions for hospitals, healthcare systems, pharmacies, ambulatory surgery centers, clinical laboratories, physician offices, and patients in the home. It distributes branded and generic pharmaceutical, specialty pharmaceutical, and over-the-counter healthcare and consumer products. The company also provides services to pharmaceutical manufacturers and healthcare providers for specialty pharmaceutical products; pharmacy management services to hospitals; operates pharmacies, including pharmacies in community health centers; and repackages generic pharmaceuticals and over-the-counter healthcare products. In addition, it manufactures, sources, and distributes Cardinal Health branded medical, surgical, and laboratory products and devices that include exam and surgical gloves; needles, syringe, and sharps disposals; compression, incontinence, nutritional delivery, and wound care products; single-use surgical drapes, gowns, and apparel products; fluid suction and collection systems; urology products; operating room supply products; and electrode product lines. Further, the company distributes a range of national brand products, including medical, surgical, and laboratory products; provides supply chain services and solutions to hospitals, ambulatory surgery centers, clinical laboratories, and other healthcare providers; and assembles and sells sterile and non-sterile procedure kits. Additionally, it manufactures, prepares, and delivers radiopharmaceuticals; and optimizes direct shipments through integrated technology solutions. The company was incorporated in 1979 and is headquartered in Dublin, Ohio.",NYQ,Mr. Jason M. Hollar,United States,,false,false,true,https://www.cardinalhealth.com,,USD,58788,Dublin,OH,614 757 5000,7000 Cardinal Place,0.88,2026-10-07T23:38:54+00:00,2026-10-07T23:38:54+00:00,Equity,,0.03722,0.03844,0.0133,0.00674,0.058,0.688,254247993344,4244000000,4752500224,1714000000,367000000,-18.763437,13.972,0.233,9998000128,-2883000000,57299000000,4856000000,,0.883,0.425,,0.2833,1.1136,0.00281,0.91484,0.0333
NTR,Nutrien Ltd.,69.970001,33390389248,1154412,2556004,71.510002,69.809998,72.589996,69.970001,-1.229996,-1.727522,71.199997,2026-10-07,,,1.126,477210074,14.163968,4.94,Basic Materials,Agricultural Inputs,"Nutrien Ltd. provides crop inputs and services. The company operates through four segments: Retail, Potash, Nitrogen, and Phosphate. The Retail segment markets crop nutrients, crop protection products, seed, and merchandise, as well as provides agronomic application and financing services and solutions; and produces proprietary products, including proprietary crop nutrient, crop protection, and seed products. The Potash segment includes mining and processing of potash. The Nitrogen segment owns and operates ammonia production facilities that offers ammonia, urea, ammonium nitrate (UAN), urea solutions, nitric acid, and ammonium nitrate, as well as environmentally smart nitrogen and ammonium sulfate. The Phosphate segment manufactures and sells solid and liquid phosphate fertilizers, phosphate feed, and purified phosphoric acid, which is used in feed and industrial products. The company was incorporated in 2017 and is headquartered in Saskatoon, Canada.",NYQ,Mr. Kenneth A. Seitz,Canada,,false,false,true,https://www.nutrien.com,,USD,,Saskatoon,SK,306-933-8500,211 19th Street East,3.09,2026-10-07T23:38:56+00:00,2026-10-07T23:38:56+00:00,Equity,0.0944,0.04311,0.32062,0.17457,0.08722,0.04,0.012,27288000512,5650999808,1602249984,2380000000,163000000,1.292032,8.004,1.658,12728000512,25323000000,52301000000,921000000,,1.391,0.827,49.071,0.4433,1.982,0.00031,0.71242,0.0159
CF,"CF Industries Holdings, Inc.",114.440002,17319135232,2704001,2480576,116.860001,114.089996,118.07,114.440002,-1.579994,-1.361829,116.019997,2026-10-07,,,0.527,151338130,8.489615,13.48,Basic Materials,Agricultural Inputs,"CF Industries Holdings, Inc., together with its subsidiaries, engages in the production of ammonia in North America, Europe, and internationally. It operates through Ammonia, Granular Urea, UAN, AN, and Other segments. The company offers ammonia products; nitrogen products, such as granular urea, urea ammonium nitrate solution, and ammonium nitrate; diesel exhaust fluid, urea liquor, and nitric acid products. It serves cooperatives, retailers, independent fertilizer distributors, traders, wholesalers, and industrial users. The company was founded in 1946 and is headquartered in Northbrook, Illinois.",NYQ,Mr. Christopher D. Bohn,United States,,false,false,true,https://www.cfindustries.com,,USD,2900,Northbrook,IL,847 405 2400,2375 Waterview Drive,2.07,2026-10-07T23:38:57+00:00,2026-10-07T23:38:57+00:00,Equity,0.29867,0.12934,0.42486,0.49325,0.27122,0.176,0.996,7738999808,3872999936,1276749952,2099000064,45000000,3.018171,5.583,2.794,3612999936,4838000000,14088000000,2480000000,,4.86,4.142,40.504,0.1484,0.603,0.00452,1.08947,0.0773
MOS,The Mosaic Company,19.969999,6348376064,11767414,7938975,20.950001,19.855,21.059999,19.969999,-0.970001,-4.632288,20.940001,2026-10-07,,,0.918,317895646,,-2.01,Basic Materials,Agricultural Inputs,"The Mosaic Company, through its subsidiaries, produces and markets concentrated phosphate and potash crop nutrients. It operates in three segments: Phosphates, Potash, and Mosaic Fertilizantes. The company owns and operates mines and production facilities, which produce concentrated phosphate crop nutrients and phosphate-based animal feed ingredients, as well as concentrated phosphate crop nutrients, such as diammonium phosphate, monoammonium phosphate, and MicroEssentials, a value-added ammoniated phosphate product. It also mines, processes, and sells potash to crop nutrient manufacturers, distributors, retailers, and to customers for industrial use; and owns and operates mines, chemical plants, crop nutrient blending and bagging facilities, port terminals and warehouses, which produce and sell concentrated phosphate and potash-based crop nutrients, and phosphate-based animal feed ingredients. In addition, the company produces a double sulfate of potash magnesia product under the K-Mag brand; and purchases phosphate, potash, and nitrogen products to produce blended crop nutrients. Further, it offers triple superphosphate, single superphosphate, and dicalcium phosphate; feed phosphate under the Biofos and Nexfos brands; potash for de-icing and as a water softener regenerant; and phosphogypsum. The company sells its products to wholesale distributors, retail chains, cooperatives, independent retailers, and national accounts through its sales force. It also exports its products. The company operates in the United States, Brazil, China, Canada, Paraguay, Argentina, Japan, Colombia, India, Australia, Peru, Mexico, Honduras, the Dominican Republic, Indonesia, and internationally. The Mosaic Company was incorporated in 1987 and is headquartered in Tampa, Florida.",NYQ,Mr. Bruce M. Bodine Jr.,United States,,false,false,true,https://www.mosaicco.com,,USD,13000,Tampa,FL,800 918 8270,101 East Kennedy Blvd,4.2,2026-10-07T23:38:58+00:00,2026-10-07T23:38:58+00:00,Equity,-0.05073,0.01239,0.11236,-0.00117,-0.05213,-0.06,,12247900160,1718700032,-746275008,-638499968,30700000,0.553768,7.159,1.005,6079099904,12084900000,24480100000,294000000,,1.337,0.354,52.249,6.2857,2.0198,0.00335,0.98461,0.129
CTVA,"Corteva, Inc.",14.45,9640982528,41241255,10397034,14.18,13.75,14.62,14.45,0.54,3.882099,13.91,2026-10-07,,,,667196000,8.919753,1.62,Basic Materials,Agricultural Inputs,"Corteva, Inc. operates as a pure-play agriculture company in the United States, Canada, the Middle East, Africa, Europe, Latin America, and the Asia Pacific. The company provides products that protect against weeds, insects, diseases, nematodes, and other pests, as well as supports crop health via nitrogen management and seed-applied technologies. Its crop protection solutions and digital solutions provide farmers tools to improve productivity and help keep fields free of weeds, insects, and diseases. The company offers herbicides, soybeans, cereals, fruits and vegetables, insecticides, nitrogen stabilizers, pasture, and a range management herbicides and biologicals and other nature-based products. The company is headquartered in Indianapolis, Indiana.",NYQ,,United States,,false,false,true,https://www.corteva.com,,USD,,Indianapolis,IN,833 267 8382,9330 Zionsville Road,5.18,2026-10-07T23:38:59+00:00,2026-10-07T23:38:59+00:00,Equity,,,0,0,0,,,,,,,,0.383096,,,2580000000,24144000000,42845000000,,,,,,0.4444,1.0455,0.00158,0.92124,0.0353
AGCO,AGCO Corporation,109.150002,7643963392,1202778,1003037,115,106.43,114.699997,109.150002,-7.040001,-6.059042,116.190002,2026-10-07,,,1.074,70031729,15.096819,7.23,Industrials,Farm & Heavy Construction Machinery,"AGCO Corporation manufactures and distributes agricultural equipment and replacement parts worldwide. It offers horsepower tractors for row crop production, soil cultivation, planting, land leveling, seeding, and commercial hay operations; utility tractors for small- and medium-sized farms, as well as for dairy, livestock, orchards, and vineyards; and compact tractors for small farms, specialty agricultural industries, landscaping, equestrian, and residential uses. The company also provides grain storage bins and related drying and handling equipment systems; seed-processing systems; swine and poultry feed storage and delivery systems; ventilation and watering systems; and egg production systems and broiler production equipment. In addition, it offers round and rectangular balers, loader wagons, self-propelled windrowers, forage harvesters, disc mowers, spreaders, rakes, tedders, and mower conditioners for harvesting and packaging vegetative feeds used in cattle, dairy, horse, and renewable fuel industries. Further, the company provides implements, including disc harrows leveling seed beds and mixing chemicals with the soils; heavy tillage to break up soil and mix crop residue into topsoil; field cultivators that prepare smooth seed bed and destroy weeds; drills for small grain seeding; planters and other planting equipment; and loaders. Additionally, it offers combines for harvesting grain crops, such as corn, wheat, soybeans, and rice; and application equipment, including self-propelled, three- and four-wheeled vehicles, and related equipment for liquid and dry fertilizers and crop protection chemicals, and for after crops emerge from the ground, as well as produces diesel engines, gears, and generating sets. The company markets its products under the Fendt, Massey Ferguson, PTx, and Valtra brands through a network of independent dealers and distributors. AGCO Corporation was founded in 1990 and is headquartered in Duluth, Georgia.",NYQ,Mr. Eric P. Hansotia,United States,,false,false,true,https://www.agcocorp.com,,USD,22000,Duluth,GA,770 813 9200,4205 River Green Parkway,1.03,2026-10-07T23:39:00+00:00,2026-10-07T23:39:00+00:00,Equity,0.11827,0.03472,0.25267,0.05729,0.05154,-0.01,-0.744,10349100032,1011600000,450262496,533400000,28400000,1.87247,10.134,0.991,2888499968,4273500000,11927800000,573400000,,1.321,0.447,66.053,0.1618,0.9633,0.17978,0.97478,0.0606
ADM,Archer-Daniels-Midland Company,81.339996,39202590720,2110968,3665659,82.309998,80.974998,82.769997,81.339996,-0.870003,-1.058269,82.209999,2026-10-07,,,0.629,481959583,22.28493,3.65,Consumer Defensive,Farm Products,"Archer-Daniels-Midland Company provides human and animal nutrition ingredients and solutions in the United States, Switzerland, the Cayman Islands, Brazil, Mexico, Canada, the United Kingdom, and internationally. It operates in three segments: Ag Services and Oilseeds; Carbohydrate Solutions; and Nutrition. The company engages in the origination, merchandising, transportation, and storage of agricultural raw materials, as well as the crushing and processing of oilseeds, including soybeans and soft seeds, such as cottonseed, sunflower seed, canola, rapeseed, and flaxseed; produces and markets vegetable oils and oilseed protein meals used by food, feed, energy, and industrial customers; sale of crude and partially refined vegetable oils; supplies peanuts and peanut-derived ingredients; and manufactures cotton cellulose pulp. It is also involved in the grain sourcing, handling, and multimodal transportation network supporting import, export, and distribution activities; structured trade finance activities; corn and wheat wet and dry milling and related processing activities; production of distillers' grains, corn gluten feed, and corn gluten meal for use as animal feed ingredients; and carbon capture and sequestration and other emissions-reduction initiatives. In addition, the company engages in the creation, manufacturing, sale, and distribution of an array of ingredients and solutions comprising plant-based proteins, flavors and colors derived from nature, flavor systems, emulsifiers, soluble fiber, polyols, hydrocolloids, probiotics, prebiotics, postbiotics, enzymes, botanical extracts, and other specialty food and feed ingredients and systems. Further, it is involved in the derivatives and commodity exchanges and clearing houses; and insurance coverage for certain property, casualty, marine, medical, and other miscellaneous risks. The company was founded in 1902 and is based in Chicago, Illinois.",NYQ,Mr. Juan Ricardo Luciano,United States,,false,false,true,https://www.adm.com,,USD,40798,Chicago,IL,312 634 8100,77 West Wacker Drive,2.53,2026-10-07T23:39:02+00:00,2026-10-07T23:39:02+00:00,Equity,0.07642,0.02257,0.0687,0.04008,0.02156,0.072,3.156,82099003392,2995000064,1164625024,1770000000,83000000,1.663156,15.943,0.582,9342000128,22733000000,52389000000,1092999936,,1.389,0.301,39.134,0.5644,1.0151,0.00707,0.88929,0.0397
BG,Bunge Global SA,105.510002,20270489600,1451610,1588401,107.910004,104.267998,108.239998,105.510002,-1.82,-1.695705,107.330002,2026-10-07,,,0.719,192119123,21.01793,5.02,Consumer Defensive,Farm Products,"Bunge Global SA operates as an agribusiness and food company worldwide. It operates through four segments: Soybean Processing and Refining, Softseed Processing and Refining, Other Oilseeds Processing and Refining, and Grain Merchandising and Milling. The Soybean Processing and Refining segment is involved in the purchase, storage, transportation, processing, distribution, refining, marketing, and sale of soybeans and soybean related products, as well as biodiesel and fertilizer production and distribution for the food, animal feed and biofuel industries. The Softseed Processing and Refining segment is involved in the purchase, storage, transportation, processing, distribution, refining, marketing, and sale of softseeds and softseed related products, as well as biodiesel production and distribution. The Other Oilseeds Processing and Refining Segment is involved in products of a specialty nature, including the purchase, storage, transportation, processing, distribution, refining, marketing, and sale of these related products. The Grain Merchandising and Milling segment is involved in the purchase, storage, transportation, distribution, and marketing of commodities primarily consisting of corn, wheat, barley, cotton, pulses, and sugar; milling of wheat and sugar; and related services including ocean freight and financial services. Bunge Global SA was founded in 1818 and is headquartered in Chesterfield, Missouri.",NYQ,Mr. Gregory A. Heckman,United States,,false,false,true,https://www.bunge.com,,USD,34000,Chesterfield,MO,(314) 292-2000,1391 Timberlake Manor Parkway,2.68,2026-10-07T23:39:03+00:00,2026-10-07T23:39:03+00:00,Equity,0.07178,0.03472,0.04924,0.04617,0.01097,0.883,0.33,91818999808,3126000128,-6475375104,1010000000,73000000,1.270562,12.156,0.414,17061000192,15904000000,44528000000,788000000,,1.567,0.331,97.995,0.5618,1.37,0.1837,0.80423,0.0505
TSN,"Tyson Foods, Inc.",51.700001,18188138496,3320883,3290001,51.880001,51.400002,52.009998,51.700001,-0.27,-0.519531,51.970001,2026-10-07,,,0.395,281792507,31.91358,1.62,Consumer Defensive,Farm Products,"Tyson Foods, Inc., together with its subsidiaries, operates as a food company worldwide. It operates through four segments: Beef, Pork, Chicken, and Prepared Foods. The company processes live fed cattle and hogs; fabricates dressed beef and pork carcasses into primal and sub-primal meat cuts, as well as case ready beef and pork, and fully cooked meats; raises and processes chickens into fresh, frozen, and value-added chicken products, including breaded chicken strips, nuggets, patties, and other ready-to-fix or fully cooked chicken parts; and supplies poultry breeding stock. It also manufactures and markets frozen and refrigerated food products, including ready-to-eat sandwiches, flame-grilled hamburgers, Philly steaks, pepperoni, bacon, breakfast sausage, turkey, lunchmeat, hot dogs, flour and corn tortilla products, appetizers, snacks, prepared meals, ethnic foods, side dishes, meat dishes, breadsticks, and processed meats under the Tyson, Jimmy Dean, Hillshire Farm, Ball Park, Wright, Aidells, Gallo Salame, ibp, and State Fair brands. The company sells its products through its sales staff to grocery retailers, grocery wholesalers, meat distributors, warehouse club stores, military commissaries, industrial food processing companies, chain restaurants or their distributors, live markets, international export companies, and domestic distributors who serve restaurants and food service operations, such as plant and school cafeterias, convenience stores, hospitals, and other vendors, as well as through independent brokers and trading companies. Tyson Foods, Inc. was founded in 1935 and is headquartered in Springdale, Arkansas.",NYQ,Mr. Curt T. Calaway,United States,,false,false,true,https://www.tysonfoods.com,,USD,133000,Springdale,AR,(479) 290-4000,2200 West Don Tyson Parkway,3.93,2026-10-07T23:39:05+00:00,2026-10-07T23:39:05+00:00,Equity,0.03263,0.02565,0.06554,0.02711,0.01031,-0.001,2.041,55694000128,2772000000,1191250048,574000000,100000000,1.006032,9.221,0.459,8006000128,18085000000,36658000000,740000000,,1.433,0.484,44.025,1.2531,1.0438,0.02615,0.94028,0.0344
PPC,Pilgrim's Pride Corporation,28.120001,6695611904,1339139,1555887,27.959999,27.67,28.459999,28.120001,0.230001,0.824674,27.889999,2026-10-07,,,0.329,238108524,12.279476,2.29,Consumer Defensive,Packaged Foods,"Pilgrim's Pride Corporation produces, processes, markets, and distributes fresh, frozen, and value-added chicken and pork products to retailers, distributors, and foodservice operators in the United States, Europe, and Mexico. The company offers fresh products, including refrigerated whole or cut-up chicken, selected chicken parts that are either marinated or non-marinated, primary pork cuts, added value pork, pork ribs, and lamb products; and prepared products, which include fully cooked, ready-to-cook and individually frozen chicken parts, strips, nuggets and patties, processed sausages, bacon, smoked meat, gammon joints, pre-packed meats, sandwich and deli counter meats, and meat balls and coated foods. It also provides plant-based protein, ready-to-eat meals, multi-protein frozen food, vegetarian food, and desserts. In addition, its exported products include whole chickens and chicken parts for distributors in the U.S. or frozen for distribution to export markets and primary pork cuts, hog heads, and trotters frozen for distribution. The company offers its products under the Pilgrim's, Just BARE, Gold'n Pump, Gold Kist, County Pride, Pierce Chicken, Pilgrim's Mexico, To-Ricos, Del Dia, Moy Park, Matteson's, Richmond, Fridge Raiders, and Denny brands. It serves chain restaurants, food processors, broad-line distributors, and other institutions; and retail market, such as grocery store chains, wholesale clubs, and other retail distributors. The company was founded in 1946 and is headquartered in Greeley, Colorado. Pilgrim's Pride Corporation operates as a subsidiary of JBS N.V.",NMS,Mr. Fabio  Sandri,United States,,false,false,true,https://www.pilgrims.com,,USD,63000,Greeley,CO,970 506 8000,1770 Promontory Circle,0,2026-10-07T23:39:06+00:00,2026-10-07T23:39:06+00:00,Equity,0.1452,0.08015,0.09739,0.01619,0.02959,-0.028,-0.962,18436042752,1771794944,508525376,545606016,29354000,1.785624,5.324,0.512,3112965120,3680050000,10343530000,388843008,,1.355,0.504,82.717,0,0.61,0.82171,0.21492,0.0268
HRL,Hormel Foods Corporation,19.549999,10759357440,6064955,4573421,20.139999,19.530001,20.139999,19.549999,-0.33,-1.659959,19.879999,2026-10-07,,,0.289,550350800,31.532257,0.62,Consumer Defensive,Packaged Foods,"Hormel Foods Corporation develops, processes, and distributes various meat, nut, and other food products to foodservice, convenience stores, and commercial customers in the United States and internationally. It operates through three segments: Retail, Foodservice, and International. The company provides perishable products, including fresh meats, frozen items, refrigerated meal solutions, bacon, sausages, hams, guacamole, and other items that require refrigeration, as well as shelf-stable products, such as canned luncheon meats, nut butters, snack nuts, chili, shelf-stable microwaveable meals, hash, stews, tortillas, salsas, tortilla chips, and other items that do not require refrigeration. It sells its products under the HORMEL, ALWAYS TENDER, APPLEGATE, AUSTIN BLUES, BACON 1, BLACK LABEL, BREAD READY, BURKE, CAFÉ H, CERATTI, CHI-CHI'S, COLUMBUS, COMPLEATS, CORN NUTS, CURE 81, DAN'S PRIZE, DI LUSSO, DINTY MOORE, DON MIGUEL, DOÑA MARIA, EMBASA, FAST N EASY, FIRE BRAISED, FONTANINI, HERDEZ, HORMEL GATHERINGS, HOUSE OF TSANG, JENNIE-O, JUSTIN'S, LA VICTORIA, LAYOUT, LLOYD'S, MARY KITCHEN, MR. PEANUT, NATURAL CHOICE, NUT-RITION, OLD SMOKEHOUSE, OVEN READY, PILLOW PACK, PLANTERS, ROSA GRANDE, SADLER'S SMOKEHOUSE, SKIPPY, SPAM, SQUARE TABLE, SPECIAL RECIPE, VALLEY FRESH, and WHOLLY brands through sales personnel, independent brokers, and distributors. The company was formerly known as Geo. A. Hormel & Company and changed its name to Hormel Foods Corporation in January 1995. Hormel Foods Corporation was founded in 1891 and is headquartered in Austin, Minnesota.",NYQ,Mr. Jeffrey M. Ettinger,United States,,false,false,true,https://www.hormelfoods.com,,USD,20000,Austin,MN,507 437 5611,1 Hormel Place,5.89,2026-10-07T23:39:07+00:00,2026-10-07T23:39:07+00:00,Equity,0.04293,0.04634,0.15741,0.08615,0.02821,-0.024,-0.672,12146911232,1264931968,621551616,342711008,25602000,1.371737,10.089,1.051,2855122944,7901171000,13393119000,868446016,,1.882,0.886,36.326,1.8831,1.4015,0.00467,0.91361,0.0714
IPAR,"Interparfums, Inc.",111,3554861568,143591,250640,112.209999,110.730003,113.489998,111,-1.849998,-1.639343,112.849998,2026-10-07,,,1.181,32025781,21.183207,5.24,Consumer Defensive,Household & Personal Products,"Interparfums, Inc., together with its subsidiaries, manufactures, markets, and distributes a range of fragrances and fragrance related products in the United States and internationally. It operates in two segments, European Based Operations and United States Based Operations. The company offers its fragrance and cosmetic products under the Boucheron, Coach, Jimmy Choo, Karl Lagerfeld, Kate Spade, Lanvin, Moncler, Montblanc, Rochas, Longchamp, Off-White, Van Cleef & Arpels, Abercrombie & Fitch, Anna Sui, Donna Karan, DKNY, Emanuel Ungaro, Ferragamo, Graff, GUESS, Hollister, MCM, Oscar de la Renta, Ungaro, and Roberto Cavalli brands, as well as French Connection, Intimate, Solférino, Tristar, and Lacoste trademarks. It sells its products to department stores, perfumeries, specialty stores, duty free shops, and domestic and international wholesalers and distributors, as well as through e-commerce sites. The company was formerly known as Jean Philippe Fragrances, Inc. and changed its name to Inter Parfums, Inc. in July 1999. Interparfums, Inc. was founded in 1982 and is headquartered in New York, New York.",NMS,Mr. Jean  Madar,United States,,false,false,true,https://www.interparfumsinc.com,,USD,662,New York,NY,212 983 2640,551 Fifth Avenue,2.84,2026-10-07T23:39:08+00:00,2026-10-07T23:39:08+00:00,Equity,0.19105,0.10331,0.58423,0.12327,0.11172,0.021,-0.04,1501676032,276880992,215215008,167760000,1568000,4.083885,13.467,2.483,164914000,880716000,1585248000,211346000,,3.31,1.83,15.12,0.6107,3.2,0.43616,0.69719,0.1158
SPB,"Spectrum Brands Holdings, Inc.",76.949997,1769511040,424664,333326,75.790001,75.129997,77.419998,76.949997,0.229996,0.299786,76.720001,2026-10-07,,,0.773,22995596,23.17771,3.32,Consumer Defensive,Household & Personal Products,"Spectrum Brands Holdings, Inc. operates as a branded consumer products and home essentials company in North America, Europe, the Middle East, Africa, Latin America, and Asia-Pacific regions. The company operates through three segments: Home and Personal Care (HPC); Global Pet Care (GPC); and Home and Garden (H&G). The Home and Personal Care segment provides home appliances under the Black & Decker, Russell Hobbs, George Foreman, PowerXL, Emeril Legasse, Copper Chef, Juiceman, and Breadman brands; and personal care products under the Remington brand. The GPC segment provides Rawhide chews, dog and cat clean-up, training, health and grooming products, small animal food and care products, rawhide-free dog and cat treats, and wet and dry pet food for dogs and cats under the Good'n'Fun, DreamBone, Good Boy, SmartBones, IAMS, EUKANUBA, Nature's Miracle, FURminator, Dingo, 8IN1, Better Belly, Meowee!, and Wild Harvest brands. This segment also offers aquarium kits, stand-alone tanks, and aquatics equipment and consumables under the Tetra, Marineland, Instant Ocean, GloFish, and OmegaSea brands. The H&G segment provides outdoor insect and weed control solutions, and animal repellents under the Spectracide, Garden Safe, Liquid Fence, and EcoLogic brands; household pest control solutions under the Hot Shot and Black Flag brands; household surface cleaning, maintenance, and restoration products, including bottled liquids, mops, wipes, and markers under the Rejuvenate brand; and personal-use pesticides and insect repellent products under the Cutter and Repel brands. It sells its products through retailers, e-commerce and online retailers, wholesalers, and distributors. Spectrum Brands Holdings, Inc. was founded in 1906 and is based in Middleton, Wisconsin.",NYQ,Mr. David M. Maura C.F.A.,United States,,false,false,true,https://www.spectrumbrands.com,,USD,3000,Middleton,WI,608 275 3340,3001 Deming Way,2.45,2026-10-07T23:39:10+00:00,2026-10-07T23:39:10+00:00,Equity,0.04463,0.03199,0.37536,0.08748,0.0276,0.077,,2872699904,280900000,234400000,79500000,20500000,0.957352,8.243,0.806,748200000,1909700000,3379600000,258900000,,2.412,1.543,39.163,0.5663,1.36,0.04492,1.19393,0.1985
SJM,The J. M. Smucker Company,115.93,12384011264,1013558,1343496,117.589996,115.660004,117.709999,115.93,-0.870003,-0.744865,116.800003,2026-10-07,,,0.266,106823183,53.92093,2.15,Consumer Defensive,Packaged Foods,"The J. M. Smucker Company manufactures and markets branded food and beverage products worldwide. The company operates through five segments: U.S. Retail Coffee, U.S. Retail Frozen Handheld and Spreads, U.S. Retail Pet Foods, Sweet Baked Snacks, and Away From Home. It offers coffee, sweet baked goods, pet snacks, frozen handheld products, peanut butter, cat and dog food, fruit and specialty spreads, cookies, frozen sandwiches and snacks, hot beverages, portion control products, toppings and syrups, baking mixes and ingredients, and flour. The company provides its products under the Folgers, Café Bustelo, Dunkin', Jif, Smucker's, Uncrustables, Meow Mix, Milk-Bone, Pup-Peroni, Canine Carry Outs, Hostess, and 1850 brand names. It sells its products through direct sales and brokers to food retailers, club stores, discount and dollar stores, online retailers, pet specialty stores, distributors, drug stores, military commissaries, mass merchandisers, supermarket chains, national mass retailers, convenience stores, vending channels, and foodservice distributors and operators. The J. M. Smucker Company was founded in 1897 and is headquartered in Orrville, Ohio.",NYQ,Captain Mark T. Smucker,United States,,false,false,true,https://www.jmsmucker.com,,USD,,Orrville,OH,330 682 3000,One Strawberry Lane,3.84,2026-10-07T23:39:11+00:00,2026-10-07T23:39:11+00:00,Equity,0.03931,0.06257,0.37951,0.17898,0.02506,0.05,,9156899840,2263899904,1464337536,229500000,23600000,2.153472,8.517,2.106,6940199936,5543800000,16219400000,43200000,,0.87,0.288,120.682,2.0561,2.17,0.02256,0.90967,0.0454
KR,The Kroger Co.,59.25,34992377856,8938607,7138929,59.264999,59.18,60.060001,59.25,0.84,1.43811,58.41,2026-10-07,,,0.353,590588700,32.916668,1.8,Consumer Defensive,Grocery Stores,"The Kroger Co. operates as a food and drug retailer in the United States. The company operates combination food and drug stores, multi-department stores, marketplace stores, and price impact warehouses. Its combination food and drug stores offer natural food and organic sections, pharmacies, general merchandise, pet centers, fresh seafood, and organic produce; and its multi-department stores provide apparel, home fashion and furnishings, outdoor living, electronics, automotive products, and toys. The company's marketplace stores offer full-service grocery, pharmacy, health and beauty care, and perishable goods, as well as general merchandise, including apparel, home goods, and toys; and its price impact warehouse stores provide grocery, and health and beauty care items, as well as meat, dairy, baked goods, and fresh produce items. It also manufactures and processes food products for sale in its supermarkets and online; and sells fuel through its fuel centers. The company sells its products through its stores, fuel centers, and online platforms. The Kroger Co. was founded in 1883 and is based in Cincinnati, Ohio.",NYQ,Mr. Ronald L. Sargent M.B.A.,United States,,false,false,true,https://www.thekrogerco.com,,USD,400000,Cincinnati,OH,513 762 4000,1014 Vine Street,2.67,2026-10-07T23:39:12+00:00,2026-10-07T23:39:12+00:00,Equity,0.14442,0.05801,0.23901,0.02978,0.00726,0.02,0.153,149326004224,8042999808,2535500032,1078000000,157000000,6.046536,7.147,0.385,24157999104,5927000000,49953000000,1676000000,,0.702,0.21,413.24,0.7778,0.5735,0.06894,0.85496,0.0504
DPZ,"Domino's Pizza, Inc.",303.100006,10027074560,892489,856585,304.890015,302.734985,310.850006,303.100006,0.230011,0.075944,302.869995,2026-10-07,,,0.951,33081735,17.18254,17.64,Consumer Cyclical,Restaurants,"Domino's Pizza, Inc. operates as a pizza company worldwide. The company operates through three segments: U.S. Stores, International Franchise, and Supply Chain. It offers pizzas under the Domino's brand name through company-owned and franchised stores. The company also provides bread products, wings, boneless chicken, pastas, oven-baked sandwiches, soft drink products and desserts. In addition, it offers parmesan stuffed crust pizza; spicy chicken bacon ranch specialty pizza; and garlic, and cinnamon bread bites, as well as croissant, chocolate volcano, and chicken burst pizzas. Domino's Pizza, Inc. was founded in 1960 and is based in Ann Arbor, Michigan.",NMS,Mr. David Allen Brandon,United States,,false,false,true,https://biz.dominos.com,,USD,6200,Ann Arbor,MI,734 930 3030,30 Frank Lloyd Wright Drive,2.63,2026-10-07T23:39:13+00:00,2026-10-07T23:39:13+00:00,Equity,,0.33892,0.28709,0.19085,0.11864,0.043,0.068,5027814912,1023513984,531496512,596523008,44640000,-2.516857,14.641,2.98,5122852864,-3901142000,1716459000,164836000,,1.538,0.795,,0.4229,1.354,0.00506,1.12425,0.1122
CRUS,"Cirrus Logic, Inc.",112.68,5647246848,775526,805425,118.190002,112.589996,118.82,112.68,-6.190002,-5.207371,118.870003,2026-10-07,,,1.166,50117561,13.758243,8.19,Technology,Semiconductors,"Cirrus Logic, Inc., a fabless semiconductor company, develops mixed-signal processing solutions and audio products in China, the United States, and internationally. The company offers audio products, including amplifiers; codecs components that integrate analog-to-digital converters (ADCs) and digital-to-analog converters (DACs) into a single integrated circuit (IC); smart codecs, a codec with integrated digital signal processing; standalone digital signal processors; and SoundClear technology for use in smartphones, PCs, tablets, AR/VR headsets, wearables, home theatre systems, automotive entertainment systems, and professional audio systems. It also provides camera controllers, haptic and sensing solutions, and battery and power ICs for smartphones, as well as products for automotive, industrial, and imaging applications. The company markets and sells its products through direct sales force, external sales representatives, and distributors. Cirrus Logic, Inc. was incorporated in 1984 and is headquartered in Austin, Texas.",NMS,Mr. John M. Forsyth,United States,,false,false,true,https://www.cirrus.com,,USD,1651,Austin,TX,512 851 4000,800 West 6th Street,0,2026-10-07T23:39:14+00:00,2026-10-07T23:39:14+00:00,Equity,0.20904,0.12163,0.52785,0.18367,0.21005,0.129,0.289,2049830016,524704992,450997248,430561984,81811000,2.596553,9.313,2.384,130464000,2127996000,2489374000,891262016,,7.583,5.894,5.96,0,9.35,0.00563,1.0746,0.0826
SWKS,"Skyworks Solutions, Inc.",83.43,19619862528,9218443,6712659,81.349998,80.900002,85.849998,83.43,0.639999,0.773039,82.790001,2026-10-07,,,1.478,235165549,43.22798,1.93,Technology,Semiconductors,"Skyworks Solutions, Inc., together with its subsidiaries, develops, manufactures, and markets analog and mixed-signal semiconductor products and solutions in the United States, Taiwan, China, South Korea, Europe, the Middle East, Africa, and the Asia Pacific. The company offers amplifiers, antenna tuners, attenuators, automotive tuners and digital radios, wireless ASoC, DC/DC converters, demodulators, detectors, digital power isolators, diodes, directional couplers, diversity receive modules, filters, front-end modules, hybrids, light emitting diode drivers, low noise amplifiers, mixers, modulators, and optocouplers/optoisolators. It also provides phase locked loops, phase shifters, power dividers/combiners, power over ethernet, power isolators, ProSLIC family of subscriber line interface circuits, receivers, system in package, switches, synthesizers, timing devices, voltage-controlled oscillators/synthesizers, and voltage regulators. The company sells its products through direct sales force, electronic component distributors, and independent sales representatives. Its products are used in aerospace, automotive, broadband, cellular infrastructure, connected home, defense, entertainment and gaming, industrial, medical, smartphone, tablet, and wearables applications. The company was founded in 1962 and is headquartered in Irvine, California.",NMS,Mr. Philip Gordon Brace,United States,,false,false,true,https://www.skyworksinc.com,,USD,10000,Irvine,CA,949 231 3000,5260 California Avenue,0,2026-10-07T23:39:15+00:00,2026-10-07T23:39:15+00:00,Equity,0.05094,0.03441,0.40734,0.08825,0.07227,-0.031,-0.686,4014099968,880200000,448812512,290100000,232400000,2.188156,14.128,3.098,681100032,5757100000,7917000000,799200000,,3.101,1.312,11.869,1.4715,12.7368,0.00258,0.7899,0.3444
QRVO,"Qorvo, Inc.",114.169998,10072263680,8341594,1434881,112.379997,111.220001,115.620003,114.169998,,,,2026-10-07,,,1.417,88221633,26.48956,4.31,Technology,Semiconductors,"Qorvo, Inc. engages in development and commercialization of technologies and products for wireless, wired, and power markets in the United States, China, rest of Asia, Taiwan, and Europe. It operates through three segments: High Performance Analog (HPA), Connectivity and Sensors Group (CSG), and Advanced Cellular Group (ACG). The HPA segment supplies radio frequency, analog mixed signal, and power management solutions for defense and aerospace markets, as well as offers compound semiconductor foundry services, wafer processing, advanced packaging and heterogeneous integration solutions. The CSG segment supplies connectivity and sensor solutions featuring various technologies, such as UWB, Matter, Bluetooth Low Energy, Zigbee, Thread, Wi-Fi, and cellular solutions. It serves smart home, industrial automation, automotive, smartphones, wearables, gaming, and industrial and enterprise access points markets. The ACG segment supplies cellular solutions for smartphones, wearables, laptops, tablets, and various other devices. It also offers foundry services for defense primes and other defense and aerospace customers. The company sells its products directly to original equipment manufacturers and original design manufacturers, as well as through a network of sales representative firms and distributors. Qorvo, Inc. was founded in 1957 and is headquartered in Greensboro, North Carolina. As of October 5, 2026, Qorvo, Inc. operates as a subsidiary of Skyworks Solutions, Inc.",NMS,,United States,,false,false,true,https://www.qorvo.com,,USD,5200,Greensboro,NC,336 664 1233,7628 Thorndike Road,0,2026-10-07T23:39:16+00:00,2026-10-07T23:39:16+00:00,Equity,0.11556,0.06706,0.48535,0.1578,0.10953,-0.042,2.556,3644534016,885481024,476142016,399196992,136070000,2.900955,11.624,2.824,1549138048,3344299000,5825590000,1328942976,,3.543,2.508,44.619,0,1.1008,0.00496,0.99778,0.0653
LPL,"LG Display Co., Ltd.",2.95,2950000128,2807791,2775717,2.99,2.9,2.99,2.95,-0.14,-4.53074,3.09,2026-10-07,,,1.322,1000000000,,-0.93,Technology,Consumer Electronics,"LG Display Co., Ltd., together with its subsidiaries, engages in the research, development, manufacture, and sale of organic light-emitting diode (OLED) and thin-film transistor liquid crystal display (TFT-LCD) panels in South Korea, China, the rest of Asia, North America, and Europe. The company offers display panels for televisions; monitors; IT products comprising notebook computers, desktop monitors, and tablet computers; laptops; smartphones and smartwatches; mobile phones and watches; automobiles; and other products with display devices. It also engages in the operation and management of welfare facilities; management of intellectual properties; production and sale of LCD modules and monitor sets; and investment in venture businesses and technologies. The company exports its products. The company was formerly known as LG.Philips LCD CO., Ltd. and changed its name to LG Display Co., Ltd. in March 2008. LG Display Co., Ltd. was incorporated in 1985 and is headquartered in Seoul, South Korea.",NYQ,Mr. Chul-Dong  Jeong,South Korea,,false,false,true,https://www.lgdisplay.com,,USD,23490,Seoul,,82 2 3777 1010,LG Twin Towers,0,2026-10-07T23:39:17+00:00,2026-10-07T23:39:17+00:00,Equity,-0.17635,0.01439,0.14447,-0.0192,-0.05343,0.004,,25303892099072,3961413959680,671788105728,-1352107032576,,0.640464,3.334,0.522,13455305211904,6604124000000,26916700000000,1599008014336,,0.635,0.346,175.895,0,6.56,0.00208,0.07803,0.0073
BOE,BlackRock Enhanced Global Dividend Trust,11.68,,257170,107493,11.75,11.65,11.78,11.68,-0.099999,-0.848892,11.78,2026-10-07,,,0.817,,7.078788,1.65,Financial Services,Asset Management,"BlackRock Enhanced Global Dividend Trust is a closed ended equity mutual fund launched by BlackRock, Inc. The fund is co-managed by BlackRock Advisors, LLC and BlackRock International Limited. It invests in public equity markets across the globe. The fund seeks to invest in stocks of companies operating across diversified sectors. It invests in stocks of companies across all market capitalizations. The fund also invests through derivatives, with an emphasis on options on equity securities or indices. It benchmarks the performance of its portfolio against the S&P Global Broad Market Index. The fund was formerly known as BlackRock Global Opportunities Equity Trust. BlackRock Enhanced Global Dividend Trust was formed on May 31, 2005 and is domiciled in the United States.",NYQ,Mr. Charles Choon Sik Park,United States,,false,false,true,https://www.blackrock.com/investing/products/240197/blackrock-global-opportunities-equity-trust-fund,,USD,,New York,NY,212-810-5300,50 Hudson Yards,8.42,2026-10-07T23:39:18+00:00,2026-10-07T23:39:18+00:00,Equity,0.13078,0.00739,1,0.62145,5.92868,0.013,-0.197,15653873,,8230623,92806872,,0.891467,,41.469,9327,716503332,727206291,273219,,0.133,0.131,0.001,0.6011,,0,0.41677,0.0016
HPQ,HP Inc.,32.240002,29073741824,12708293,15197187,31.690001,31.59,32.599998,32.240002,0.510002,1.607318,31.73,2026-10-07,,,1.19,901790969,12.305345,2.62,Technology,Computer Hardware,"HP Inc. provides personal computing, printing, 3D printing, hybrid work, gaming, and other related technologies in the United States and internationally. The company operates through three segments: Personal Systems, Printing, and Corporate Investments. The Personal Systems segment offers commercial and consumer desktops and notebooks, workstations, thin clients, retail point-of-sale systems, displays, software, hybrid systems, and endpoint security and services, as well as lifecycle services, including support and deployment, configurations, and extended warranty services. The Printing segment provides consumer and commercial printer hardware, supplies, and solutions, as well as office and home printing solutions; and focuses on graphics, 3D printing, and personalization solutions for the commercial and industrial markets. The Corporate Investments segment is involved in the business incubation and investment projects. It serves small- and medium-sized businesses, public sector, and enterprises. The company was formerly known as Hewlett-Packard Company and changed its name to HP Inc. in October 2015. HP Inc. was founded in 1939 and is headquartered in Palo Alto, California.",NYQ,Mr. Bruce Dale Broussard,United States,,false,false,true,https://www.hp.com,,USD,55000,Palo Alto,CA,(650)-857-1501,1501 Page Mill Road,3.78,2026-10-07T23:39:19+00:00,2026-10-07T23:39:19+00:00,Equity,,0.05629,0.1966,0.05396,0.04143,0.125,-0.113,59162001408,4636000256,3389874944,2451000064,522000000,-316.07846,7.503,0.588,10339000320,-346000000,41769000000,4168999936,,0.788,0.44,,0.454,3.4205,0.00306,0.95622,0.094
DELL,Dell Technologies Inc.,578.960022,368110141440,3975387,7601956,563.27002,560.76001,585,578.960022,4.960022,0.864115,574,2026-10-07,,,1.442,315433188,33.660465,17.2,Technology,Computer Hardware,"Dell Technologies Inc. designs, develops, manufactures, markets, sells, and supports various comprehensive and integrated solutions, products, and services in the Americas, Europe, the Middle East, Asia, and internationally. The company operates through Infrastructure Solutions Group (ISG) and Client Solutions Group (CSG) segments. The ISG segment provides modern and traditional storage solutions, including all-flash, purpose-built, hyper-converged infrastructure, software-defined storage, and general-purpose and AI-optimized servers. This segment also offers networking products and services comprising wide area network infrastructure, data center and edge networking switches, and cables and optics that help its business customers to transform and modernize their infrastructure and complementing its server and storage solutions; and software, peripherals, and services, including consulting and support, and deployment. The CSG segment provides notebooks, desktops, and workstations and branded peripherals that include displays, docking stations, keyboards, mice, webcam and audio devices, and third-party software and peripherals; and configuration, and extended warranties services. The company is involved in originating, collecting, and servicing customer financing arrangements and offers payment and consumption solutions and services, such utility, subscription, as-a-service, leases, and loans, as well as fixed-term leases and loans. It serves enterprises, governmental agencies and other public institutions, educational institutions, healthcare organizations, small and medium-sized businesses, and consumers. The company has a strategic alliance with Rafay Systems for the development of AI infrastructure solutions. The company was formerly known as Denali Holding Inc. and changed its name to Dell Technologies Inc. in March 2013. Dell Technologies Inc. was founded in 1984 and is headquartered in Round Rock, Texas.",NYQ,Mr. Michael Saul Dell,United States,,false,false,true,https://www.dell.com,,USD,97000,Round Rock,TX,800 289 3355,One Dell Way,0.44,2026-10-07T23:39:20+00:00,2026-10-07T23:39:20+00:00,Equity,,0.08643,0.19911,0.1202,0.07525,0.577,2.729,151197007872,17725999104,6033375232,11377999872,723000000,-259.62332,22.104,2.591,35284000768,-2470000000,101286000000,11569999872,,0.962,0.565,,0.1343,0.6458,0.07696,0.77925,0.0468
LNVGY,Lenovo Group Limited,89.989998,56074379264,33244,191020,89.650002,88.764999,90.550003,89.989998,-1.25,-1.370013,91.239998,2026-10-07,,,1.073,620232965,32.370502,2.78,Technology,Computer Hardware,"Lenovo Group Limited, an investment holding company, develops, manufactures, and markets technology products and services. It operates through Intelligent Devices Group, Infrastructure Solutions Group, and Solutions and Services Group segments. The company offers commercial and consumer personal computers, servers and workstations, and smartphones, as well as laptops, desktops, tablets, monitors, and accessories and software. It also provides consulting, deployment, managed, support, and security services. In addition, the company manufactures and distributes IT products, computers, computer hardware, and peripheral equipment; and offers IT, business planning, management, global supply chain, finance and accounting, administration support, procurement agency, data management, intellectual property, and investment management services. Further, it is involved in the retail and service business for consumer electronic products and related digital services; development, ownership, licensing, and sale of communications hardware and software; and develops software and applications. It operates in China, the Asia Pacific, Europe, the Middle East, Africa, and the Americas. The company was founded in 1984 and is headquartered in Quarry Bay, Hong Kong.",PNK,Mr. Yuanqing  Yang,Hong Kong,,false,false,true,https://www.lenovo.com,,USD,73500,Quarry Bay,,852 2590 0228,Lincoln House,1.18,2026-10-07T23:39:21+00:00,2026-10-07T23:39:21+00:00,Equity,0.14668,0.03023,0.15887,0.00071,0.00875,0.431,,91187453952,3919305984,-3329406720,798017984,335048000,8.378957,14.764,0.635,6666160128,7635049000,57129094000,6117411840,,0.978,0.637,81.616,0.3575,0.9639,0,0.00023,
PWR,"Quanta Services, Inc.",701.070007,105401245696,1014408,1014575,706.5,684.369995,710.97998,701.070007,-18.48999,-2.569625,719.559998,2026-10-07,,,1.267,150343393,80.30585,8.73,Industrials,Engineering & Construction,"Quanta Services, Inc. offers infrastructure solutions for the electric and gas utility, power generation, load center, manufacturing, communications, pipeline, and energy industries. The company's Electric Infrastructure Solutions segment engages in the design, procurement, construction, upgrade, repair, and maintenance of electric power transmission and distribution infrastructure and substation facilities; installation, maintenance, and upgrade of electric power infrastructure projects; installation of smart grid technologies on electric power networks; and design, installation, maintenance, and repair of commercial and industrial wirings. This segment offers aviation; emergency aerial firefighting services; emergency restoration; and other engineering and technical services; design and construction solutions to wireline and wireless communications, cable multi-system operators, technology companies, and other customers; engineering, procurement, new construction, and repair and maintenance services for renewable generation facilities; and training for electric workers, as well as training for the gas distribution and communications industries. Its Underground Utility and Infrastructure Solutions segment is involved in the transportation, distribution, storage, development, and processing of natural gas, oil, and other products, as well as owns and operates large load centers. This segment also engages in the design, engineering, procurement, construction, upgrade, and repair and maintenance services for natural gas systems; pipeline protection, integrity testing, rehabilitation, and replacement services; and catalyst replacement, high-pressure and critical-path turnaround, instrumentation and electrical, piping, fabrication, and storage tank services. The company was formerly known as Fabal Construction, Inc. and changed its name to Quanta Services, Inc. in November 1997. The company was incorporated in 1997 and is headquartered in Houston, Texas.",NYQ,Mr. Earl C. Austin Jr.,United States,,false,false,true,https://www.quantaservices.com,,USD,69500,Houston,TX,713 629 7600,2727 North Loop West,0.06,2026-10-07T23:39:23+00:00,2026-10-07T23:39:23+00:00,Equity,0.15337,0.05226,0.15456,0.07217,0.04032,0.411,0.947,32905140224,3045004032,1955491328,1326876032,181947000,10.93099,36.651,3.392,6603134976,8938249000,24926901000,506431008,,1.098,0.979,67.78,0.0493,1.4518,0.00668,0.94055,0.024
VIVO,VivoPower PLC,3.25,103979056,254367,559842,3.25,3.149,3.275,3.25,-0.04,-1.215804,3.29,2026-10-07,,,-0.683,31993555,,-2.13,Technology,Software - Infrastructure,"VivoPower PLC, together with its subsidiaries, provides energy solutions for customized and ruggedized fleet applications, battery and microgrids, and solar and critical power technology and services. It operates through Electric Vehicles, Sustainable Energy Solutions, Solar Development, and Digital Assets segments. The Electric Vehicles segment offers ruggedized battery-powered Electric Vehicle (EV) solutions, including conversion kits for fleet owners in the mining, agriculture, energy utility, defense, police, government, public transport, humanitarian, and game safari industries. It also offers ruggedized or customized on-road applications; public utility vehicle electric powertrain conversion kits for the jeepneys; and OEM light utility pickup trucks under the Tembo Tuskers brand name, as well as EV charging solutions for home and commercial applications. The Sustainable Energy Solutions segment engages in the design, evaluation, sale, and implementation of renewable energy infrastructure. The Solar Development segment develops solar projects. The Digital Assets segment engages in digital asset mining activities. It operates in Australia, Canada, the Netherlands, the United Kingdom, the United States, the United Arab Emirates, and the Philippines. The company was formerly known as VivoPower International PLC and changed its name to VivoPower PLC in March 2026. VivoPower PLC was founded in 2014 and is headquartered in London, the United Kingdom.",NCM,Mr. Tser Fah Chin,United Kingdom,,false,false,true,https://vivopower.com,,USD,41,London,,44 203 667 5158,Blackwell House,0,2026-10-07T23:39:24+00:00,2026-10-07T23:39:24+00:00,Equity,,-0.08103,0.18033,3068,0,,,61000,-8267000,-67159128,-14440000,750000,2.492331,-8.904,1206.778,29189000,-40537000,37433000,60000,,1.349,1.283,145.19,0,,0.31353,0.04512,0.0661
BBY,"Best Buy Co., Inc.",84.589996,17740865536,4352017,3613681,84.559998,83.650002,86.144997,84.589996,-0.260002,-0.306426,84.849998,2026-10-07,,,1.282,209727698,14.074874,6.01,Consumer Cyclical,Specialty Retail,"Best Buy Co., Inc. offers technology products and solutions in the United States, Canada, and internationally. The company provides computing and mobile phone products, such as desktops, notebooks, and peripherals; mobile phones comprising related mobile network carrier commissions; networking products; tablets covering e-readers; smartwatches; and consumer electronics consisting of digital imaging, health and fitness products, portable audio comprising headphones and portable speakers, and smart home products, as well as home theaters that includes home theater accessories, soundbars, and televisions. It also offers appliances, such as dishwashers, laundry, ovens, refrigerators, blenders, coffee makers, vacuums, and personal care; entertainment products consisting of drones, peripherals, gaming, toys, and virtual reality, as well as hardware and software, and augmented reality glasses and other software products; and other products, such as baby, food and beverage, luggage, and outdoor living products. In addition, the company provides delivery, installation, marketplace commissions, memberships, repair, set-up, technical support, health-related, and warranty-related services. It offers its products through stores and websites under the Best Buy, Best Buy Ads, Best Buy Business, Best Buy Essentials, Best Buy Health, Best Buy Marketplace, Geek Squad, Imagine That, Insignia, Lively, Jitterbug, My Best Buy, My Best Buy Memberships, Pacific Kitchen, Home, TechLiquidators, and Yardbird brand names, as well as domain names comprising bestbuy.com, lively.com, techliquidators.com, yardbird.com, bestbuy.ca, and techliquidators.ca. The company was formerly known as Sound of Music, Inc. Best Buy Co., Inc. was incorporated in 1966 and is headquartered in Richfield, Minnesota.",NYQ,Ms. Corie Sue Barry,United States,,false,false,true,https://corporate.bestbuy.com,,USD,82000,Richfield,MN,612 291 1000,7601 Penn Avenue South,4.53,2026-10-07T23:39:25+00:00,2026-10-07T23:39:25+00:00,Equity,0.43126,0.07254,0.22597,0.03896,0.03014,0.036,0.701,42201001984,2617999872,1403374976,1272000000,139000000,5.591618,7.438,0.461,4140999936,2964000000,14670000000,2409999872,,1.117,0.373,130.097,0.6356,1.6991,0.06516,0.97101,0.086
ATI,ATI Inc.,189.190002,25762074624,1373458,1649626,190.539993,184.490005,190.916794,189.190002,-5.5,-2.825004,194.690002,2026-10-07,,,0.995,136170383,55.480938,3.41,Industrials,Metal Fabrication,"ATI Inc. produces and sells specialty materials and complex components worldwide. It operates in two segments, High Performance Materials & Components, and Advanced Alloys & Solutions. The company produces high performance materials, including titanium and titanium-based alloys, nickel- and cobalt-based alloys and superalloys, advanced powder alloys and other specialty materials, and metallic powder alloys, as well as long product forms, such as ingot, billet, bar, rod, wire, shapes and rectangles, seamless tubes, plus precision forgings, components, and machined parts. It also offers zirconium and related alloys, including hafnium and niobium, nickel-based alloys, titanium and titanium-based alloys, and specialty alloys in various forms, such as plate, sheet, and precision rolled strip products. In addition, the company provides hot-rolling conversion services comprising carbon steel products. It serves medical and specialty energy, aerospace and defense, construction and mining, transportation, oil and gas, automotive, food equipment and appliances, and mining markets. The company was formerly known as Allegheny Technologies Incorporated. ATI Inc. was founded in 1996 and is headquartered in Dallas, Texas.",NYQ,Ms. Kimberly A. Fields,United States,,false,false,true,https://www.atimaterials.com,,USD,7600,Dallas,TX,800 289 7454,2021 McKinney Avenue,0,2026-10-07T23:39:25+00:00,2026-10-07T23:39:25+00:00,Equity,0.25357,0.0879,0.23647,0.18198,0.10091,0.106,0.557,4715200000,916800000,346687488,475800000,29000000,13.727326,29.769,5.788,2192000000,1804500000,5099600000,783000000,,2.327,1.082,109.699,0,1.33,0.00822,0.95675,0.0485
CRS,Carpenter Technology Corporation,391.170013,19385825280,555826,724382,387.799988,379.180115,393.130005,391.170013,-4.539978,-1.147299,395.709991,2026-10-07,,,1.289,49558566,37.18346,10.52,Industrials,Metal Fabrication,"Carpenter Technology Corporation manufactures, fabricates, and distributes specialty metals in the United States, Europe, the Asia Pacific, Mexico, Canada, and internationally. It operates in two segments, Specialty Alloys Operations and Performance Engineered Products. The company offers specialty alloys, including titanium alloys, powder metals, stainless steels, alloy steels, and tool steels, as well as metal powders and parts. It serves the aerospace, defense, medical, transportation, energy, industrial, and consumer markets. The company was founded in 1889 and is headquartered in Philadelphia, Pennsylvania.",NYQ,Mr. Timothy  Lain CPA,United States,,false,false,true,https://www.carpentertechnology.com,,USD,4500,Philadelphia,PA,610 208 2000,1735 Market Street,0.2,2026-10-07T23:39:27+00:00,2026-10-07T23:39:27+00:00,Equity,0.25752,0.11872,0.30584,0.24078,0.16958,0.126,0.464,3124199936,826099968,238787504,529600000,26400000,8.711058,23.871,6.312,727500032,2227600000,3838300000,393300000,,3.81,2.106,32.658,0.076,1.59,0.02474,0.95542,0.0368
RYCEY,Rolls-Royce Holdings plc,18.780001,154558267392,514729,2071120,18.719999,18.540001,18.84,18.780001,-0.269999,-1.417315,19.049999,2026-10-07,,,1.272,8229938945,38.32653,0.49,Industrials,Aerospace & Defense,"Rolls-Royce Holdings plc designs and manages mission-critical power systems in the United Kingdom and internationally. The company operates through three segments: Civil Aerospace, Defence, and Power Systems. The Civil Aerospace segment develops, manufactures, markets, and sells aero engines for large commercial aircraft, regional jet, and business aviation markets, as well as provides aftermarket services. The Defence segment is involved in the development, manufacture, marketing, and sale of military aero engines, naval engines, and submarine nuclear power plants, as well as offers aftermarket services. The Power Systems segment engages in the development, manufacture, marketing, and sale of integrated solutions for onsite power and propulsion under the mtu brand name. Rolls-Royce Holdings plc was founded in 1884 and is headquartered in London, the United Kingdom.",PNK,Mr. M. Tufan Erginbilgic,United Kingdom,,false,false,true,https://www.rolls-royce.com,,USD,43162,London,,44 1332 242 424,Kings Place,0.77,2026-10-07T23:39:28+00:00,2026-10-07T23:39:28+00:00,Equity,1.14485,0.07796,0.28802,0.21104,0.13115,0.206,-0.63,23164999680,5096999936,4602500096,3038000128,104000000,40.878143,30.218,6.649,4373000192,2726000000,38115000000,6483999744,,1.239,0.753,151.735,0.2633,2.2414,0,0.02021,
TXT,Textron Inc.,73.029999,12560203776,2423953,1700515,75.059998,72.879997,75.232399,73.029999,-2.5,-3.309943,75.529999,2026-10-07,,,0.908,171986917,13.753296,5.31,Industrials,Aerospace & Defense,"Textron Inc. operates in the aircraft, defense, industrial, and finance businesses worldwide. It operates in six segments: Textron Aviation, Bell, Textron Systems, Industrial, Textron eAviation, and Finance. The Textron Aviation segment manufactures, sells, and services business jets, turboprop and piston engine aircraft, and military trainer and defense aircraft, as well as offers maintenance, inspection, and repair services; commercial parts; and advanced flight training devices. The Bell segment supplies military and commercial helicopters, tiltrotor aircraft, and related spare parts and services. The Textron Systems segment offers unmanned aircraft systems, electronic systems and solutions, advanced marine crafts, piston aircraft engines, live military air-to-air and air-to-ship training, weapons and related components, and armored and specialty vehicles. The Industrial segment offers blow-molded solutions, including conventional plastic fuel tanks and pressurized fuel tanks; plastic tanks for catalytic reduction systems and other fuel system components; lightweight and composite pentatonic battery systems for use in electric vehicles primarily to automobile original equipment manufacturers; and golf cars, off-road utility vehicles, powersports products, light transportation vehicles, aviation ground support equipment, professional turf-maintenance equipment, and turf-care vehicles to golf courses and resorts, government agencies and municipalities, consumers, outdoor enthusiasts, and commercial and industrial users. The Textron eAviation segment manufactures and sells light aircraft and gliders with electric and combustion engines; and provides other research and development initiatives related to sustainable aviation solutions. The Finance segment offers financing services to purchase new and pre-owned aviation aircraft and Bell helicopters. Textron Inc. was founded in 1923 and is headquartered in Providence, Rhode Island.",NYQ,Mr. Scott C. Donnelly,United States,,false,false,true,https://www.textron.com,,USD,34000,Providence,RI,401 421 2800,40 Westminster Street,0.11,2026-10-07T23:39:29+00:00,2026-10-07T23:39:29+00:00,Equity,0.12126,0.04548,0.17629,0.08701,0.06125,0.03,0.052,15299000320,1680000000,452750016,939000000,,1.559038,9.128,1.002,4211000064,7875000000,18129000000,1436000000,,1.861,0.653,52.285,0.0151,0.896,0.00732,0.94322,0.0495
TDG,TransDigm Group Incorporated,1096.209961,60594675712,399434,391785,1092.01001,1082.04248,1101.75,1096.209961,-7.119995,-0.645319,1103.329956,2026-10-07,,,0.935,55276525,33.248707,32.97,Industrials,Aerospace & Defense,"TransDigm Group Incorporated designs, produces, and supplies aircraft components in the United States and internationally. The Power & Control segment offers mechanical/electro-mechanical actuators and controls, ignition systems and engine technology, specialized pumps and valves, power conditioning devices, specialized AC/DC electric motors and generators, batteries and chargers, databus and power controls, sensor products, switches and relay panels, hoists, winches and lifting devices, cargo loading and handling systems, delivery systems, and electronic components. Its Airframe segment provides engineered latching and locking devices, engineered rods, engineered connectors and elastomer sealing solutions, cockpit security components and systems, cockpit displays, lavatory components, seat belts and safety restraints, engineered and customized interior surfaces and related components, thermal protection and insulation products, lighting and control technology, parachutes, specialized flight, wind tunnel and jet engine testing services and equipment, and testing and instrumentation solutions, as well as engineered audio, radio, and antenna systems. The Non-Aviation segment offers seat belts and safety restraints; mechanical/electromechanical actuators and controls; hydraulic/electromechanical actuators and fuel valves; refueling systems; and turbine controls. It serves engine and power system and subsystem suppliers, airlines, third party maintenance suppliers, military buying agencies, and repair depots; airframe manufacturers, cabin system and subsystem suppliers, airlines, and third party maintenance suppliers; and off-road vehicle and subsystem suppliers, child restraint system suppliers, and satellite and space system suppliers, as well as manufacturers of heavy equipment. The company was formerly known as TD Holding Corporation and changed its name to TransDigm Group Incorporated in 2006. The company was founded in 1993 and is headquartered in Cleveland, Ohio.",NYQ,Mr. Michael J. Lisman,United States,,false,false,true,https://www.transdigm.com,,USD,16500,Cleveland,OH,216 706 2960,1350 Euclid Avenue,0,2026-10-07T23:39:30+00:00,2026-10-07T23:39:30+00:00,Equity,,0.11817,0.59824,0.46005,0.21277,0.225,0.109,10005999616,5095000064,1457374976,1911000064,157000000,-6.526069,17.937,9.133,33485000704,-9686000000,22909000000,2780000000,,3.019,1.919,,0,3.0456,0.00409,0.9747,0.0258
HEI,HEICO Corporation,295.779999,41337446400,461703,470687,299.420013,295.119995,301.769989,295.779999,-7.480011,-2.466534,303.26001,2026-10-07,,,1.088,55241647,49.051407,6.03,Industrials,Aerospace & Defense,"HEICO Corporation provides aerospace, defense, and electronic related products and services in the United States and internationally. Its Flight Support Group segment offers jet engine and aircraft component replacement parts; thermal insulation blankets and parts; renewable/reusable insulation systems; and specialty components and assemblies. This segment also distributes hydraulic, pneumatic, structural, interconnect, mechanical, and electro-mechanical components for the commercial, regional, and general aviation markets; and offers repair and overhaul services for jet engine and aircraft component parts, avionics, instruments, composites, and commercial aircraft surfaces, as well as for avionics and navigation systems, subcomponents, and other military aircraft instruments. The company's Electronic Technologies Group segment provides electro-optical infrared simulation and test equipment; electro-optical laser products; electro-optical, microwave, and other power equipment; electromagnetic and radio frequency (RF) interference shielding and suppression filters; power electronics; power conversion and interface products; interconnection devices; and underwater locator and emergency locator transmission beacons. This segment also offers traveling wave tube amplifiers and microwave power modules; memory products and specialty semiconductors; environment connectivity products and molded cable assemblies; RF and microwave products; communications and electronic intercept receivers and tuners; self-sealing auxiliary fuel systems; active antenna systems and airborne antennas; nuclear radiation detectors; power amplifiers; ceramic-to-metal feedthroughs and connectors; technical surveillance countermeasures equipment; RF receivers and sources; radiation assurance, embedded computing, and silicone solutions; test sockets and adapters; and electronic components and rotary joint assemblies. The company was incorporated in 1957 and is headquartered in Hollywood, Florida.",NYQ,Mr. Eric A. Mendelson,United States,,false,false,true,https://www.heico.com,,USD,11100,Hollywood,FL,954 987 4000,3000 Taft Street,0.08,2026-10-07T23:39:31+00:00,2026-10-07T23:39:31+00:00,Equity,0.17728,0.08504,0.40398,0.25137,0.16376,0.231,0.325,5176756224,1474066048,845386752,847724032,34381000,8.354659,30.075,8.564,2541172992,4305319000,8500434000,240959008,,2.717,1.108,45.034,0.0417,2.1333,0.22819,0.81203,0.0655
LHX,"L3Harris Technologies, Inc.",233.630005,43505324032,978055,1564059,237.169998,233.009995,238.669006,233.630005,-4.269989,-1.794867,237.899994,2026-10-07,,,0.505,186214616,23.55141,9.92,Industrials,Aerospace & Defense,"L3Harris Technologies, Inc. provides mission-critical solutions for government and commercial customers worldwide. It operates through three segments: Space & Mission Systems (SMS), Communications & Spectrum Dominance (CSD), and Missile Solutions (MSL). The SMS segment integrates satellite and payload capabilities, including missile warning and defense, with maritime, air special missions, and other global defense and civil government programs. Its MSL segment unites propulsion, hypersonic, and other advanced missile technologies. The CSD segment provides tactical radios, software, waveforms, satellite terminals, and end-to-end battlefield systems for the U.S. Department of Defense, international, federal, and state agency customers; broadband communications; integrated vision solutions, such as helmet-mounted integrated night vision goggles with image intensifier tubes and weapon-mounted sights, aiming lasers, and range finders; and public safety radios and system applications and equipment. The company was formerly known as Harris Corporation and changed its name to L3Harris Technologies, Inc. in June 2019. L3Harris Technologies, Inc. was founded in 1895 and is headquartered in Melbourne, Florida.",NYQ,Mr. Samir B. Mehta,United States,,false,false,true,https://www.l3harris.com,,USD,45000,Melbourne,FL,321 727 9100,1025 West NASA Boulevard,2.1,2026-10-07T23:39:33+00:00,2026-10-07T23:39:33+00:00,Equity,0.0934,0.04384,0.25484,0.12566,0.08172,0.084,0.283,22932000768,4142000128,1608999936,1860000000,366000000,2.187486,13.259,2.395,10999000064,19635000000,41195000000,1520999936,,1.184,0.839,52.753,0.494,1.1901,0.00451,0.89307,0.0275
HII,"Huntington Ingalls Industries, Inc.",260.670013,10271597568,554386,494146,262.480011,259.730011,265.380005,260.670013,-3.079987,-1.167767,263.75,2026-10-07,,,0.21,39404598,15.534565,16.78,Industrials,Aerospace & Defense,"Huntington Ingalls Industries, Inc. designs, builds, overhauls, and repairs military ships in the United States. It operates through three segments: Ingalls, Newport News, and Mission Technologies. The company is involved in the design and construction of non-nuclear ships comprising amphibious assault ships, surface combatants, and national security cutters for the U.S. Navy and U.S. Coast Guard. It also provides nuclear-powered ships, such as aircraft carriers and submarines, as well as refueling and overhaul, and inactivation services of nuclear-powered aircraft carriers. In addition, the company offers naval nuclear support services, including fleet services comprising design, construction, maintenance, and disposal activities for in-service the U.S. Navy nuclear ships; and maintenance services on nuclear reactor prototypes. Further, the company provides C5ISR systems and operations; application of artificial intelligence and machine learning to battlefield decisions; defensive and offensive cyberspace strategies and electronic warfare; uncrewed autonomous systems; live, virtual, and constructive solutions; platform modernization; and critical nuclear operations. The company has a strategic partnership with HD Hyundai Heavy Industries to implement intelligent mechanized welding systems at Huntington Ingalls Industries, Inc.'s Ingalls Shipbuilding division. Huntington Ingalls Industries, Inc. was founded in 1886 and is headquartered in Newport News, Virginia.",NYQ,Mr. Christopher Douglas Kastner,United States,,false,false,true,https://www.hii.com,,USD,45000,Newport News,VA,757 380 2000,4101 Washington Avenue,2.09,2026-10-07T23:39:34+00:00,2026-10-07T23:39:34+00:00,Equity,0.12968,0.04278,0.124,0.0708,0.05013,0.109,0.365,13185000448,1170000000,-300249984,661000000,54000000,1.933639,11.277,1.001,2935000064,5073000000,12749000000,12000000,,1.23,1.1,55.252,0.3272,0.831,0.0048,0.92727,0.0345
KTOS,"Kratos Defense & Security Solutions, Inc.",41.939999,7873032192,6305291,3847934,42.759998,40.924999,43,41.939999,-1.77,-4.049418,43.709999,2026-10-07,,,1.107,187721327,246.70587,0.17,Industrials,Aerospace & Defense,"Kratos Defense & Security Solutions, Inc., a technology company, provides technology, hardware, products, system, and software for the defense, national security, and commercial markets in the United States, other North America, the Asia Pacific, the Middle East, Europe, and Internationally. The company operates through Kratos Government Solutions and Unmanned Systems segments. It offers virtualized ground systems for satellites and space vehicles, including software for command and control, telemetry, and tracking and control; jet powered unmanned aerial drone systems and hypersonic vehicles and rocket systems; propulsion systems for drones, missiles, loitering munitions, supersonic systems, spacecraft and launch systems, command, control, communication, computing, combat, and intelligence surveillance and reconnaissance; and microwave electronic products for missile, radar, missile defense, space, and satellite; and counter unmanned aircraft systems, directed energy, communication and other systems, and virtual and augmented reality training systems for the warfighter. The company primarily serves national security-related agencies, the U.S. Department of Defense, intelligence and classified agencies, international government agencies, and domestic and international commercial customers. Kratos Defense & Security Solutions, Inc. was formerly known as Wireless Facilities, Inc. and changed its name to Kratos Defense & Security Solutions, Inc. in August 1999. Kratos Defense & Security Solutions, Inc. was incorporated in 1994 and is headquartered in San Diego, California.",NMS,Mr. Eric M. DeMarco,United States,,false,false,true,https://www.kratosdefense.com,,USD,4300,San Diego,CA,858 812 7300,10680 Treena Street,0,2026-10-07T23:39:35+00:00,2026-10-07T23:39:35+00:00,Equity,0.01147,0.00434,0.23002,-0.00174,0.0203,0.305,0.074,1522499968,87000000,-118287504,30900000,35500000,2.295441,76.196,4.354,193600000,1996300000,2467200000,1437600000,,5.541,4.736,5.65,0,36.41,0.01291,0.85473,0.0616
BAESY,BAE Systems plc,96.599998,70667083776,11960,254757,97.43,96.339996,97.650002,96.599998,-1.870003,-1.899058,98.470001,2026-10-07,,,-0.044,731543294,25.76,3.75,Industrials,Aerospace & Defense,"BAE Systems plc provides defense, aerospace, and security solutions in the United States, the United Kingdom, the Middle East, Australia, Kingdom of Saudi Arabia, Europe, and internationally. The company operates through five segments: Electronic Systems, Platforms & Services, Air, Maritime, and Cyber & Intelligence. The Electronic Systems segment offers electronic warfare systems, navigation systems, electro-optical sensors, military and commercial avionics, and precision guided solutions and communications systems, as well as space electronics, spacecraft, and ground and tactical systems. The Platforms & Services segment manufactures and sells combat vehicles, weapons, and munitions; and offers naval ship repair services, as well as operates and manages two government-owned and contractor-operated ammunition plants. The Air segment develops future combat air systems and falconworks alongside edgewing, and eurofighter and MBDA. The Maritime segment provides maritime and land services, including submarine, ship build, and support programs. The Cyber & Intelligence segment offers cyber security services for national security, central government, and government enterprises. The company was formerly known as British Aerospace plc and changed its name to BAE Systems plc in May 2000. BAE Systems plc was incorporated in 1979 and is headquartered in London, the United Kingdom.",PNK,"Dr. Charles Nicholas Woodburn CBE, Ph.D.",United Kingdom,,false,false,true,https://www.baesystems.com,,USD,112400,London,,44 1252 373232,6 Carlton Gardens,1.97,2026-10-07T23:39:36+00:00,2026-10-07T23:39:36+00:00,Equity,0.18626,0.04795,0.13315,0.09668,0.07192,0.077,0.056,29379999744,3752999936,2938374912,2112999936,174000000,4.410835,20.611,2.633,9153000448,11784000000,37679000000,4200000000,,1.021,0.897,72.95,0.5167,2.7757,0,0.01845,
DASTY,Dassault Systèmes SE,24.190001,31786967040,2724,163234,24.209999,23.91,24.26,24.190001,0.07,0.290214,24.120001,2026-10-07,,,0.567,1314054049,21.40708,1.13,Technology,Software - Application,"Dassault Systèmes SE provides software solutions and services worldwide. The company offers 3D modeling applications, such as SOLIDWORKS, CATIA, GEOVIA, and BIOVIA; social and collaborative applications, including 3DEXCITE, CENTRIC PLM, and ENOVIA; and simulation applications comprising SIMULIA, DELMIA, 3DVIA. It also provides information intelligence applications consisting of NETVIBES and MEDIDATA; and OUTSCALE, an infrastructure for business experiences, as well as 3DEXPERIENCE platform, a business and innovation platform that provides organizations with a holistic and real-time vision of their business activity and ecosystem. The company distributes its products through direct and indirect sales channels, as well as commercial partners. It primarily serves companies in the aerospace and defense; architecture, engineering and construction; business services; cities and public services; consumer packaged goods  retail; high-tech; home and lifestyle; industrial equipment; infrastructure, energy, and materials; life sciences and healthcare; marine and offshore; and transportation & mobility industries. The company was incorporated in 1981 and is headquartered in Vélizy-Villacoublay, France.",PNK,Mr. Pascal  Daloz,France,,false,false,true,https://www.3ds.com,,USD,25000,Vélizy-Villacoublay,,33 1 61 62 61 62,"10, rue Marcel Dassault",1.3,2026-10-07T23:39:37+00:00,2026-10-07T23:39:37+00:00,Equity,0.15088,0.06322,0.84237,0.23403,0.2133,0.022,0.318,6206199808,1683500032,1267137536,1323800064,174800000,3.019915,17.67,4.793,3377700096,8792600000,15059400000,5660100096,,1.989,1.91,36.229,0.2771,3.1187,0,0.00027,
FIS,"Fidelity National Information Services, Inc.",33.82,17441173504,6437765,6134854,33.580002,33.384998,34.185001,33.82,0.400002,1.196893,33.419998,2026-10-07,,,0.828,515705917,5.219136,6.48,Technology,Information Technology Services,"Fidelity National Information Services, Inc. provides solutions to financial institutions, businesses, and developers worldwide. The company operates through Banking Solutions, Capital Market Solutions, and Corporate and Other segments. It provides core processing and ancillary applications; mobile and online banking; fraud, risk management, and compliance; card and retail payment; electronic funds transfer and network; wealth and retirement; and item processing and output solutions. The company also offers trading and assets, lending, leveraged and syndicated loan markets, and treasury and risk solutions. Fidelity National Information Services, Inc. was founded in 1968 and is headquartered in Jacksonville, Florida.",NYQ,Ms. Stephanie L. Ferris,United States,,false,false,true,https://www.fisglobal.com,,USD,44000,Jacksonville,FL,904 438 6000,347 Riverside Avenue,5.27,2026-10-07T23:39:38+00:00,2026-10-07T23:39:38+00:00,Equity,0.22348,0.04275,0.35836,0.20669,0.27648,0.291,,12199999488,3524000000,2653125120,3372999936,181000000,1.088125,10.771,3.111,21255999488,13899000000,33488000000,744000000,,0.535,0.38,132.51,0.2581,0.1819,0.00131,1.01402,0.0422
FISV,"Fiserv, Inc.",45.310001,24094351360,4754092,7216560,45.57,44.98,46.07,45.310001,-0.169998,-0.373787,45.48,2026-10-07,,,,531766721,8.696737,,,,,NMS,,,2025-11-11,false,false,true,,,USD,,,,,,,2026-10-07T23:39:39+00:00,2026-10-07T23:39:39+00:00,Equity,,,,,,,,,,,,357000000,0.89427,,,29123000000,25792000000,80133000000,,,,,,,1.3563,,,
GPN,Global Payments Inc.,81.080002,21455259648,1482600,2826348,81.269997,81.059998,82.43,81.080002,-0.709999,-0.868076,81.790001,2026-10-07,,,0.805,264618390,38.065727,2.13,Industrials,Specialty Business Services,"Global Payments Inc. provides payment technology and software solutions for card, check, and digital-based payments in the Americas, Europe, and the Asia-Pacific. It offers authorization, settlement and funding, customer support, chargeback resolution, reconciliation and dispute management, terminal rental, sales and deployment, payment security, and consolidated billing and reporting services. The company also provides an array of enterprise software solutions that streamline business operations of its customers in various vertical markets; and value-added solutions and services, such as point-of-sale software, analytics and customer engagement, payroll and reporting, and human capital management. It markets its products and services through direct sales force, trade associations, agent and enterprise software providers, referral arrangements with value-added resellers, independent sales organizations, payment facilitators, and financial institutions. The company was founded in 1967 and is headquartered in Atlanta, Georgia.",NYQ,Mr. Cameron M. Bready CPA,United States,,false,false,true,https://www.globalpayments.com,,USD,26000,Atlanta,GA,770 829 8000,3550 Lenox Road,1.22,2026-10-07T23:39:40+00:00,2026-10-07T23:39:40+00:00,Equity,0.02428,0.02334,0.63959,0.16108,-0.09153,0.686,-0.952,10206745600,4482187776,7867763200,494190016,153647000,0.932554,9.027,3.964,23555809280,22888767000,53338484000,5408962048,,0.825,0.494,98.273,0.4695,0.2075,0.00934,1.12682,0.0739
ADYEY,Adyen N.V.,9.68,30556542976,85008,1654370,9.6,9.57,9.7,9.68,0,0,9.68,2026-10-07,,,1.892,3156667700,23.04762,0.42,Technology,Software - Infrastructure,"Adyen N.V. operates a payments platform in Europe, the Middle East, Africa, North America, the Asia Pacific, and Latin America. Its platform integrates payments stack, including gateway, risk management, processing, acquiring, and settlement services. The company offers a back-end infrastructure for authorizing. It accepts payment through online, in-person payments, cross channel, and Adyen for Platforms. The company also provides optimization services, including Adyen Uplift, protect, authenticate and tokenize. In addition, it offers financial products, such as accounts, capital, issuing, and payouts. It serves digital, mobility, SaaS platforms, retail, food and beverages, subscription, and travel and hospitality businesses. The company was incorporated in 2006 and is based in Amsterdam, the Netherlands.",PNK,Mr. Pieter Willem van der Does,Netherlands,,false,false,true,https://www.adyen.com,,USD,5020,Amsterdam,,31 85 888 8138,Simon Carmiggeltstraat 6-50,0,2026-10-07T23:39:42+00:00,2026-10-07T23:39:42+00:00,Equity,0.21271,0.05245,0.68535,0.43617,0.43555,0.189,0.129,2584399872,1290572032,-1190886784,1125625984,40606000,4.610514,14.408,7.195,409363008,5285427000,12256849000,12403191808,,1.648,1.565,6.928,0,0.8634,0,0.01042,
EBAY,eBay Inc.,107.599998,47881998336,2781198,4413217,107.760002,107.07,108.6838,107.599998,0.540001,0.504391,107.059998,2026-10-07,,,1.322,445000000,22.652632,4.75,Consumer Cyclical,Internet Retail,"eBay Inc., together with its subsidiaries, operates marketplace platforms that connect buyers and sellers in the United States, the United Kingdom, China, Germany, and internationally. Its marketplace platform includes its online marketplace at ebay.com, off-platform businesses, and the eBay suite of mobile apps. The company's platforms enable users to list, sell, buy, and pay various products. The company was founded in 1995 and is headquartered in San Jose, California.",NMS,Mr. Jamie J. Iannone,United States,,false,false,true,https://www.ebayinc.com,,USD,12300,San Jose,CA,408 376 9659,2025 Hamilton Avenue,1.16,2026-10-07T23:39:43+00:00,2026-10-07T23:39:43+00:00,Equity,0.46611,0.09145,0.72052,0.2157,0.18571,0.148,0.55,12007999488,3096000000,1579624960,2193999872,607000000,10.264237,16.703,4.307,7137999872,4615000000,17610000000,3307000064,,1.019,0.915,153.012,0.2526,1.5617,0.10029,0.95348,0.041
ETSY,"Etsy, Inc.",71.489998,6561476608,2349079,3033265,71.220001,70.639999,72.415001,71.489998,0.099998,0.140074,71.389999,2026-10-07,,,1.859,91781748,20.903507,3.42,Consumer Cyclical,Internet Retail,"Etsy, Inc., together with its subsidiaries, operates two-sided online marketplaces that connect buyers and sellers in the United States, the United Kingdom, and internationally. It operates through Etsy and Depop segments. The company operates Etsy marketplace that connects artisans with various consumers; and Depop, a fashion resale marketplace. It also provides marketplace activities, including transaction offsite advertising, payments processing, and listing fees, as well as from optional seller services, which include on-site advertising and shipping labels. The company was formerly known as Indieco, Inc changed its name to Etsy, Inc. in June 2006. Etsy, Inc. was founded in 2005 and is headquartered in Brooklyn, New York.",NYQ,Mr. Joshua G. Silverman,United States,,false,false,true,https://www.etsy.com,,USD,2375,Brooklyn,NY,718 880 3660,117 Adams Street,0,2026-10-07T23:39:44+00:00,2026-10-07T23:39:44+00:00,Equity,,0.10535,0.71401,0.18744,0.07114,0.062,,2941755904,470799008,169665376,371432000,244745000,-4.733497,18.086,2.895,3075806976,-1098095000,2827254000,1122288000,,1.476,0.89,,0,0.78,0.01381,1.26537,0.1314
PDD,PDD Holdings Inc.,78.5,111736627200,4029869,6401498,78.260002,77.235001,78.650002,78.5,0.099998,0.127549,78.400002,2026-10-07,,,-0.053,1423396462,8.830146,8.89,Consumer Cyclical,Internet Retail,"PDD Holdings Inc., a multinational commerce group that owns and operates a portfolio of businesses. The company operates Pinduoduo platform, which provides various product categories and interactive shopping experiences; and Temu, an online platform, which enables merchants to streamline their manufacturing and commercial operations. The company was formerly known as Pinduoduo Inc. and changed its name to PDD Holdings Inc. in February 2023. PDD Holdings Inc. was incorporated in 2015 and is based in Dublin, Ireland.",NMS,Mr. Lei  Chen,Ireland,,false,false,true,https://www.pddholdings.com,,USD,25474,Dublin,,353 1 539 7938,25 St Stephen’s Green,0,2026-10-07T23:39:45+00:00,2026-10-07T23:39:45+00:00,Equity,0.22745,0.10011,0.56318,0.2471,0.20426,0.081,-0.112,450775711744,99100975104,74635272192,92075540480,7936971000,1.654918,-3.442,-0.757,4844000256,413385156000,630044327000,456414003200,,2.618,2.214,1.082,0,0.6926,0.00708,0.31329,0.0328
MELI,"MercadoLibre, Inc.",1872.780029,94943952896,428337,508284,1845,1835.97998,1884.430054,1872.780029,14.790039,0.796024,1857.98999,2026-10-07,,,1.308,50696802,46.436398,40.33,Consumer Cyclical,Internet Retail,"MercadoLibre, Inc. operates online commerce platforms in Brazil, Mexico, Argentina, and internationally. The company operates Mercado Libre Marketplace, an online commerce platform that can be accessed through mobile app or website; and Mercado Pago, a financial technology solution platform, which offers comprehensive set of financial technology services to users and other users of its e-commerce platform. It also provides Mercado Fondo that allows users to invest funds deposited in their Mercado Pago accounts; Mercado Credito, which grants loans and obtains better funding alternatives; and Mercado Mercado Envios that facilitates the shipping of goods from the Company and sellers to buyers. In addition, the company provides Mercado Libre Classifieds, where users can list vehicles, properties, and services; Mercado Ads, an advertising platform, which enables retailers and brands to promote their products and services on the platform. MercadoLibre, Inc. was incorporated in 1999 and is headquartered in Montevideo, Uruguay.",NMS,Mr. Marcos  Eduardo Galperín,Uruguay,,false,false,true,https://www.mercadolibre.com,,USD,123670,Montevideo,,598 2 927 2770,WTC Free Zone,0,2026-10-07T23:39:46+00:00,2026-10-07T23:39:46+00:00,Equity,0.27504,0.0431,0.47749,0.06716,0.05295,0.498,-0.109,35181998080,3892000000,353375008,1863000064,,12.119436,26.312,2.911,13207000064,6748000000,42667000000,5744999936,,1.121,0.399,168.586,0,1.001,0.06962,0.80232,0.0163
SE,Sea Limited,94.660004,57977790464,4033686,4336676,95,94.209999,95.779999,94.660004,-1.869995,-1.937217,96.529999,2026-10-07,,,1.547,566956729,36.548264,2.59,Consumer Cyclical,Internet Retail,"Sea Limited, through its subsidiaries, operates as a technology company in Southeast Asia, Latin America, the rest of Asia, and internationally. The company operates through E-commerce, Digital Financial Services, and Digital Entertainment segments. It offers Garena, a digital entertainment platform for users to access mobile and PC online games, as well as promotes eSports operations and develops games. The company also operates the Shopee e-commerce platform, a mobile-centric marketplace that provides integrated payments, logistics and fulfillment infrastructure, and other value-added services. In addition, it offers Monee digital financial services comprising consumer, and small and medium-sized enterprises (SME) credit, e- wallets, payment processing, banking, Insurtech, and wealth services; and acts as an underwriter for various life and non-life insurance products under the MoneeInsure tradename, as well as insurance agency services. It serves buyers, such as individuals and households; and sellers, including small and medium businesses, brands, and large retailers. The company was formerly known as Garena Interactive Holding Limited and changed its name to Sea Limited in April 2017. Sea Limited was incorporated in 2009 and is headquartered in Singapore.",NYQ,Mr. Xiaodong  Li,Singapore,,false,false,true,https://www.sea.com,,USD,102700,Singapore,,65 6270 8100,1 Fusionopolis Place,0,2026-10-07T23:39:47+00:00,2026-10-07T23:39:47+00:00,Equity,0.14734,0.04971,0.44343,0.08351,0.05908,0.481,0.077,27723159552,2682912000,66111376,1637852032,624995000,4.664893,20.648,1.998,4126482944,12526503000,29370979000,9098856448,,1.494,0.621,31.621,0,0.9936,0.26071,0.69756,0.0334
LULU,lululemon athletica inc.,91.879997,10172037120,4460025,4677021,92.900002,90.559998,93.199997,91.879997,-1.730003,-1.848097,93.610001,2026-10-07,,,0.922,105594064,7.56214,12.15,Consumer Cyclical,Apparel Retail,"lululemon athletica inc., together with its subsidiaries, designs, distributes, and retails technical athletic apparel, footwear, and accessories for women and men under the lululemon brand in the United States, Canada, Mexico, China, Hong Kong, Taiwan, Macau, Greece, and internationally. It offers pants, shorts, tops, and jackets for athletic activities, such as yoga, running, training, and other activities. The company also provides fitness-inspired accessories. It sells its products through company-operated stores; seasonal stores, pop-ups, university campus retailers, and yoga and fitness studios; outlets; Like New, a re-commerce program; and its e-commerce website. The company was founded in 1998 and is based in Vancouver, Canada.",NMS,Mr. Andre  Maestrini,Canada,,false,false,true,https://corporate.lululemon.com,,USD,39000,Vancouver,BC,604-732-6124,1818 Cornwall Avenue,0,2026-10-07T23:39:48+00:00,2026-10-07T23:39:48+00:00,Equity,0.30898,0.14401,0.54895,0.13212,0.12782,-0.043,-0.059,11093954560,2383926016,1148515840,1417976960,62203000,2.141725,4.582,0.985,2141127040,4961840000,8456743000,1389736960,,2.19,0.866,44.689,0,1.1303,0.04541,0.80398,0.1307
CIEN,Ciena Corporation,446.450012,63310417920,3364469,2353554,428.975006,422.303986,448,446.450012,2.800018,0.631132,443.649994,2026-10-07,,,1.289,141808525,99.87697,4.47,Technology,Communication Equipment,"Ciena Corporation, a network technology company, provides hardware, software, and services for various network operators in the Americas, Europe, the Middle East, Africa, the Asia Pacific, Japan, and India. It operates through Networking Platforms, Platform Software and Services, Blue Planet Automation Software and Services, and Global Services segments. The Networking Platforms segment consists optical networking, routing, and switching products and services. This segment products include the 6500 Packet-Optical Platform, Waveserver modular interconnect system, the 6500 Reconfigurable Line System, and coherent pluggable transceivers; and the 3000 family of service delivery platforms and the 5000 family of service aggregation, as well as the 8100 Coherent Routing platforms and virtualization software. The Platform Software and Services segment offers navigator network control suite; and software subscription services, consulting, network migration and integration, installation and upgrade support services, and technical support solutions. The Blue Planet Automation Software and Services segment inventory management, orchestration, route optimization and analysis, and unified assurance and analytics software; and sells subscription, installation, support, consulting, and design services related to the Blue Planet automation platform. The Global Services segment provides services for advisory and enablement, implementation, and maintenance, support, and learning activities. Ciena Corporation was incorporated in 1992 and is headquartered in Fulton, Maryland.",NYQ,Mr. Gary B. Smith,United States,,false,false,true,https://www.ciena.com,,USD,8898,Fulton,MD,410 694 5700,8150 Maple Lawn Boulevard,0,2026-10-07T23:39:49+00:00,2026-10-07T23:39:49+00:00,Equity,0.22396,0.07734,0.44072,0.18076,0.10869,0.37,4.229,6020894208,1025539008,633368384,654409984,184525000,20.724632,62.373,10.624,3285876992,2729323000,5864667000,2630000896,,3.797,2.904,107.496,0,0.5679,0.00573,0.95989,0.0399
SBAC,SBA Communications Corporation,170.380005,18075293696,790231,971187,169.699997,167.929993,172.309998,170.380005,0.680008,0.400712,169.699997,2026-10-07,,,0.994,106088110,18.379719,9.27,Real Estate,REIT - Specialty,"SBA Communications Corporation is a leading independent owner and operator of wireless communications infrastructure, including tower structures, rooftops and other structures that support antennas used for wireless communications. In our site leasing business, we lease space to wireless service providers and other customers on assets we own or operate, and manage rooftop and tower sites for property owners under various contractual arrangements. As of December 31, 2025, we owned 46,328 towers, a substantial portion of which were built by us or by other tower owners or operators who, like us, build towers to lease space to multiple wireless service providers. As of December 31, 2025, each of our towers had an average of 1.8 tenants. SBA Communications Corporation was established in 1989 and was incorporated in Florida.",NMS,Mr. Brendan Thomas Cavanagh CPA,United States,,false,false,true,https://www.sbasite.com,,USD,1844,Boca Raton,FL,561 995 7670,8051 Congress Avenue,2.95,2026-10-07T23:39:50+00:00,2026-10-07T23:39:50+00:00,Equity,,0.08406,0.742,0.52165,0.34512,0.023,-0.105,2870621952,1833553024,752056384,990718016,75734000,-3.904038,18.021,11.511,15209066496,-4853519000,11575012000,327051008,,0.165,0.122,,0.5092,10.7669,0.00765,1.01538,0.0496
NOK,Nokia Oyj,10.62,59457605632,71806452,83977540,10.565,10.45,10.76,10.62,-0.35,-3.190523,10.97,2026-10-07,,,0.735,5598644598,75.85714,0.14,Technology,Communication Equipment,"Nokia Oyj, together with its subsidiaries, provides mobile, fixed, and cloud network solutions in North and Latin America, Greater China, India, Asia Pacific, Europe, the Middle East, and Africa. It operates in four segments: Network Infrastructure, Mobile Networks, Cloud and Network Services, and Nokia Technologies. The company offers fixed network solutions, such as fiber and copper technologies, access infrastructure, in-home Wi-Fi solutions, and cloud and virtualization services; IP network solutions, which delivers IP edge routing and data center networking solutions for residential, mobile, enterprise, and cloud applications; and optical networks solutions, which provides optical transport networks for metro, regional, and long-haul applications. It also provides mobile technology products and services for radio access networks and microwave radio links for transport networks; and network management solutions, as well as network planning, optimization, network deployment, and technical support services. In addition, the company offers cloud and network services, including open, secure, automated, and scalable software and solutions; and 5G core, secure autonomous networks, private wireless and industrial edge, and network APIs. Further, it licenses intellectual property, including patents, technologies, and the Nokia brand. The company serves its products and services to defense communications energy and resources, enterprise and industrial campus, private networks, public sector, and transportation industries. Nokia Oyj was founded in 1865 and is headquartered in Espoo, Finland.",NYQ,Mr. Justin  Hotard,Finland,,false,false,true,https://www.nokia.com,,USD,78005,Espoo,,358 1044 88000,Karakaari 7,1.49,2026-10-07T23:39:51+00:00,2026-10-07T23:39:51+00:00,Equity,0.03455,0.03121,0.45504,0.07934,0.03472,0.084,-0.979,20394000384,2604999936,1182875008,702000000,337000000,2.492068,22.182,2.833,3359000064,20967000000,37597000000,5129999872,,1.505,1.22,15.776,1.1728,0.9092,0.02973,0.15834,0.0099
CHTR,"Charter Communications, Inc.",106.959999,13900264448,3731179,2925851,109.889999,106.019997,111.589996,106.959999,-1.68,-1.546392,108.639999,2026-10-07,,,0.693,114457596,2.784692,38.41,Communication Services,Telecom Services,"Charter Communications, Inc. operates as a broadband connectivity company in the United States. The company offers subscription-based internet, mobile, video, and voice services; broadband connectivity services, including fixed internet, WiFi, and mobile; Spectrum internet products; advanced WiFi services; and in-home WiFi, which provides customers with high performance wireless routers and managed WiFi services to enhance their wireless internet experience. It also offers wireline voice communications services using voice over internet protocol technology; Call Guard, an advanced caller ID and robocall blocking solution; video programming and video services, including access to an interactive programming guide with parental controls, video on demand and pay-per-view services; and broadband communications solutions, such as internet access, data networking, fiber connectivity, video entertainment, and business telephone services. In addition, the company provides advertising services on cable television networks, various streaming services, and advertising platforms for local, regional and national businesses. Further, it offers production and technical services for regional sports networks; owns and manages local news channels, including Spectrum News NY1® and Spectrum News SoCal; and delivers broadband connectivity solutions to apartments, single-family gated communities, off-campus student housing, senior residences, and RV parks. The company was founded in 1993 and is headquartered in Stamford, Connecticut.",NMS,Mr. Christopher L. Winfrey,United States,,false,false,true,https://corporate.charter.com,,USD,91900,Stamford,CT,203 905 7801,400 Washington Blvd.,0,2026-10-07T23:39:53+00:00,2026-10-07T23:39:53+00:00,Equity,0.27202,0.05311,0.5519,0.23503,0.09052,-0.017,0.161,54395998208,21814999040,2198374912,4924000256,673000000,0.752593,5.222,2.094,96710000640,16054000000,154213000000,509000000,,0.361,0.302,441.578,0,0.6601,0.03098,0.88836,0.3875
FSLR,"First Solar, Inc.",180.130005,19358533632,2069681,2256985,176.550003,175.699997,180.574997,180.130005,0.330002,0.183538,179.800003,2026-10-07,,,1.794,107469788,11.105426,16.22,Technology,Solar,"First Solar, Inc., a solar technology company, provides photovoltaic (PV) solar energy solutions in the United States, France, India, Chile, and internationally. The company manufactures and sells PV solar modules with thin film semiconductor technology that provides conventional crystalline silicon PV solar modules. It also designs, manufactures, and sells cadmium telluride solar modules that convert sunlight into electricity. The company serves system developers, independent power producers, utilities, commercial and industrial companies, large corporate energy buyers, and other system owners and operators. The company was formerly known as First Solar Holdings, Inc. and changed its name to First Solar, Inc. in 2006. First Solar, Inc. was founded in 1999 and is headquartered in Phoenix, Arizona.",NMS,Mr. Mark R. Widmar,United States,,false,false,true,https://www.firstsolar.com,,USD,7900,Phoenix,AZ,602 414 9300,4300 E Camelback Road,0,2026-10-07T23:39:55+00:00,2026-10-07T23:39:55+00:00,Equity,0.18509,0.08619,0.44016,0.42642,0.32465,-0.037,0.233,5378071040,2385900032,1598684800,1746013952,19223000,1.875749,7.471,3.314,194010000,9537993000,13321310000,1726963968,,2.518,1.701,1.88,0,0.3571,0.05358,0.96734,0.128
ENPH,"Enphase Energy, Inc.",33.5,4426845696,3388482,4415487,32.529999,32.490002,33.509998,33.5,-0.41,-1.209082,33.91,2026-10-07,,,1.633,132144648,33.5,1,Technology,Solar,"Enphase Energy, Inc., together with its subsidiaries, designs, develops, manufactures, and sells home energy solutions for the solar photovoltaic industry in the United States and internationally. The company offers semiconductor-based microinverter that converts energy at the individual solar module level and combines with its proprietary networking and software technologies to provide energy monitoring and control. It also provides microinverter units and related accessories; IQ Battery and related accessories; IQ PowerPack 1500 and related accessories; IQ Combiner, IQ Gateway, and IQ Energy Router; cloud-based monitoring service; and electric vehicle charging solutions, as well as design, proposal, permitting, installation and solar appointment generation services, and Enphase Care services. The company sells its solutions to solar distributors; and directly to large installers, original equipment manufacturers, strategic partners, and homeowners, as well as through its legacy product upgrade program or online store. Enphase Energy, Inc. was incorporated in 2006 and is headquartered in Fremont, California.",NGM,Mr. Badrinarayanan  Kothandaraman,United States,,false,false,true,https://www.enphase.com,,USD,2872,Fremont,CA,707 774 7000,47281 Bayside Parkway,0,2026-10-07T23:39:55+00:00,2026-10-07T23:39:55+00:00,Equity,0.12996,0.02376,0.30037,0.17981,0.10088,-0.196,-0.035,1328502016,191792000,78322752,134024000,214090000,3.745528,21.39,3.088,613364992,1087023000,3509792000,937708032,,3.451,2.529,51.899,0,0.7455,0.03031,0.96695,0.2174
SEDG,"SolarEdge Technologies, Inc.",33.16,2040193792,2111744,3095982,32.52,32.040001,33.189999,33.16,-0.880001,-2.585197,34.040001,2026-10-07,,,1.44,61525748,,-4.5,Technology,Solar,"SolarEdge Technologies, Inc., together with its subsidiaries, operates as an energy technology company in the United States, Europe, and internationally. The company offers power optimizers and DC-to-AC inverters; Storage Solutions, such as home battery 400V and CSS-OD solution; EV chargers for residential and commercial applications; SolarEdge ONE, an energy optimization system; and cloud-based monitoring platform. It also provides mySolarEdge app, which enables system owners to track their real-time system production and household energy consumption; SolarEdge Go app, a mobile application for SolarEdge installers, integrating installation, management, and service capabilities; designer platform, a web-based tool; and mapper application for registering the physical layout of new PV sites. In addition, the company offers SetApp application to activate and configure SolarEdge inverters; grid services; and pre-sales support, ongoing trainings, and technical support before, during, and after installation based on its operation structure. It serves solar installers, solar distributors, and electrical equipment wholesalers, as well as providers of PV systems to residential and commercial end users through distributors and electrical equipment wholesalers, and directly to solar installers and engineering, procurement, and construction firms, or EPCs. SolarEdge Technologies, Inc. was incorporated in 2006 and is headquartered in Herzliya Pituach, Israel.",NMS,Mr. Yehoshua  Nir,Israel,,false,false,true,https://www.solaredge.com,,USD,3576,Herzliya Pituach,,972 9 957 6620,1 HaMada Street,0,2026-10-07T23:39:56+00:00,2026-10-07T23:39:56+00:00,Equity,-0.58424,-0.03835,0.21253,-0.06515,-0.20289,0.196,,1332280960,-121104000,113761248,-270300000,92545000,4.949993,-15.694,1.427,407352992,427464000,2182194000,546942016,,2.03,1.26,98.852,0,4.61,0.01117,1.01611,0.2199
JKS,"JinkoSolar Holding Co., Ltd.",8.9,466094656,750023,727467,8.95,8.671,9,8.9,-0.190001,-2.090215,9.09,2026-10-07,,,0.492,52370188,,-9.31,Technology,Solar,"JinkoSolar Holding Co., Ltd., together with its subsidiaries, engages in the design, development, production, and marketing of photovoltaic products. The company provides solar modules, silicon wafers, solar cells, recovered silicon materials, and silicon ingots. It offers solar system integration services; solar power generation and solar system EPC services; and energy storage system, as well as undertakes solar power projects. The company sells its products to distributors, project developers, system integrators, and manufacturers of solar power products under the JinkoSolar brand. As of December 31, 2025, it had an integrated annual capacity of 120 gigawatts (GW) for mono wafers; 95 GW for solar cells; and 130 GW for solar modules. It operates in China, the United States, India, Saudi Arabia, Australia, Pakistan, Brazil, Poland, Japan, Spain, and Germany. The company was founded in 2006 and is headquartered in Guangxin, the People's Republic of China.",NYQ,Mr. Xiande  Li,China,,false,false,true,https://www.jinkosolar.com,,USD,26409,Guangxin,,86 79 3858 8188,1 Yingbin Road,16.5,2026-10-07T23:39:57+00:00,2026-10-07T23:39:57+00:00,Equity,,,0.04751,-0.11534,-0.05853,-0.313,,58271281152,3012459008,,-3410557952,225727000,0.215975,13.016,0.673,41455849472,15726131000,121023976000,16941251584,,1.132,0.556,143.792,3.903,0.14,0.4372,0.37649,0.0929
CSIQ,Canadian Solar Inc.,11.25,763838464,1255619,1955275,11.16,11.005,11.275,11.25,-0.29,-2.512998,11.54,2026-10-07,,,1.531,67896749,,-3.85,Technology,Solar,"Canadian Solar Inc., together with its subsidiaries, provides solar energy and battery energy storage products and solutions in Asia, the United States, Europe, and internationally. It operates through two segments, Manufacturing and Recurrent Energy. The Manufacturing Segment focuses on manufacturing and selling solar, battery energy storage and other power technology products, and CSI Solar. It also offers standard solar modules, battery storage solutions, solar system kits, such as inverters, racking systems, and other accessories; power electronic products; and engineering, procurement, and construction services, as well as operates battery energy storage projects. The Recurrent Energy Segment develops, builds, sells, and operates solar power and battery energy storage projects; operates solar power plants; and sells electricity and other services. This segment also provides power operation and maintenance services, including monitor, inspects, repair, and replace of plant equipment, and site management and administrative support services for solar projects, as well as asset management services. The company offers power plant level, commercial, household products, inverter, photovoltaic modules; and sells electricity and smart energy. It serves distributors, system integrators, project developers, installers, and EPC companies, as well as caters to utility companies, public utilities, licensed suppliers, corporate offtakers, and commercial, industrial, or government end users primarily under its Canadian Solar brand name. The company sells its products under CSI, CS PowerTech, CSI Solar, Recurrent Energy, e-STORAGE, SolBank, KuBank, and EP Cube brand names. Canadian Solar Inc. was incorporated in 2001 and is based in Kitchener, Canada.",NMS,Dr. Xiaohua  Qu Ph.D.,Canada,,false,false,true,https://www.canadiansolar.com,,USD,12587,Kitchener,ON,519 837 1881,4273 King Street East,0,2026-10-07T23:39:58+00:00,2026-10-07T23:39:58+00:00,Equity,-0.05968,0.00416,0.17639,-0.05884,-0.03733,-0.287,,4990202880,626926016,-1288098816,-186304000,24412000,0.277264,12.911,1.622,7306710016,2807971000,15171729000,1461248000,,1.025,0.426,172.312,0,0.13,0.29778,0.63565,0.3419
BEP,Brookfield Renewable Partners L.P.,29.43,14316825600,981843,1012114,29.360001,28.93,29.459999,29.43,0.01,0.033991,29.42,2026-10-07,,,0.98,300111626,,-0.44,Utilities,Utilities - Renewable,"Brookfield Renewable Partners L.P. owns a portfolio of renewable power generating facilities in the North America, Colombia, and Brazil. The company generates electricity through hydroelectric, wind, solar, distributed generation, and pumped storage; and offers sustainable solutions, such as renewable natural gas, carbon capture and storage, recycling, cogeneration, biomass, nuclear services, eFuels, and power transformation. It operates as the general partner of Brookfield Renewable Partners L.P. The company was formerly known as Brookfield Renewable Energy Partners L.P. and changed its name to Brookfield Renewable Partners L.P. in May 2016. The company was founded in 1999 and is based in Toronto, Canada.",NYQ,Mr. Connor David Teskey,Canada,,false,false,true,https://www.bep.brookfield.com,,USD,5870,Toronto,ON,888 327 2722,Brookfield Place,5.33,2026-10-07T23:40:00+00:00,2026-10-07T23:40:00+00:00,Equity,0.00399,0.00423,0.51392,0.17076,-0.01258,0.011,,6359000064,3000000000,-11967500288,-80000000,,2.362148,27.253,12.857,37723000832,0,98701000000,2686000128,,0.803,0.409,105.23,14.265101,3.51,0.00021,0.65083,0.0046
AES,The AES Corporation,14.93,10651639808,6299163,7836368,14.9,14.9,14.94,14.93,0,0,14.93,2026-10-07,,,0.954,713438630,5.59176,2.67,Utilities,Utilities - Diversified,"The AES Corporation, together with its subsidiaries, operates as a power generation and utility company. It operates through four segments: Renewables, Utilities, Energy Infrastructure, and New Energy Technologies. The company owns and/or operates power plants to generate and sell power to customers, such as utilities, industrial users, and other intermediaries; owns and/or operates utilities to generate or purchase, distribute, transmit, and sell electricity to end-user customers in the residential, commercial, industrial, and governmental sectors; and generates and sells electricity on the wholesale market, as well as investments in technologies to support leading-edge greener energy solutions. It uses various fuels and technologies to generate electricity, such as solar, hydro, wind, coal, and gas, as well as renewables comprising energy storage and landfill gas. The company owns and/or operates a generation portfolio of approximately 34,740 megawatts and distributes power to 2.7 million customers. The company operates in the United States, Chile, Dominican Republic, El Salvador, Mexico, Bulgaria, Panama, Colombia, Argentina, Vietnam, Jordan, Puerto Rico, and internationally. The company was formerly known as Applied Energy Services, Inc. and changed its name to The AES Corporation in April 2000. The AES Corporation was incorporated in 1981 and is based in Arlington, Virginia.",NYQ,Mr. Andres Ricardo Gluski Weilert Ph.D.,United States,,false,false,true,https://www.aes.com,,USD,8336,Arlington,VA,703 522 1315,4300 Wilson Boulevard,4.71,2026-10-07T23:40:01+00:00,2026-10-07T23:40:01+00:00,Equity,0.09574,0.02964,0.2027,0.18673,0.1434,0.199,,13054000128,4070000128,-3089125120,1911000064,,2.154401,12.193,3.801,32942999552,4063000000,51768000000,1852999936,,0.746,0.45,256.886,0.2636,0.81,0.00576,0.91287,0.026
RUN,Sunrun Inc.,7.61,1815360000,13379830,8544307,7.56,7.42,7.63,7.61,-0.16,-2.0592,7.77,2026-10-07,,,2.435,238549287,5.141892,1.48,Technology,Solar,"Sunrun Inc. designs, develops, installs, sells, owns, and maintains residential solar energy systems in the United States. The company sells solar energy systems and products, such as panels and racking; and solar leads generated to customers. It offers battery storage along with solar energy systems; and sells services to commercial developers through multi-family and new homes. Its primary customers are residential homeowners. The company markets and sells its products through direct-to-consumer approach across online, retail, mass media, digital media, canvassing, field marketing, and referral channels, as well as its partner network. It also operates distributed electricity power plants. Sunrun Inc. was founded in 2007 and is headquartered in San Francisco, California.",NMS,Ms. Mary Grace Powell,United States,,false,false,true,https://www.sunrun.com,,USD,9059,San Francisco,CA,415 580 6900,600 California Street,0,2026-10-07T23:40:02+00:00,2026-10-07T23:40:02+00:00,Equity,-0.19856,0.00259,0.35293,0.03999,0.11594,0.528,-0.607,3475609088,840604992,-1971139840,400656000,107952000,0.5236,21.481,5.195,15233005568,3132484000,22610596000,726425024,,1.422,0.631,292.511,0,3.0706,0.02823,1.16674,0.3538
ARRY,"Array Technologies, Inc.",3.82,587616768,6051078,6695906,3.96,3.79,3.96,3.82,-0.24,-5.91133,4.06,2026-10-07,,,1.809,153826378,,-0.96,Technology,Solar,"Array Technologies, Inc. engages in the manufacture and sale of solar tracking technology products in the United States, Spain, Brazil, Australia, and internationally. It operates through two segments, Array Legacy Operations and STI Operations. The company's products portfolio includes DuraTrack HZ V3, a single axis tracker; Array STI H250, a dual-row tracker system; Array OmniTrack; Array SkyLink, a photovoltaic-powered control tracker system; and SmarTrack, a software and control-based product. Array Technologies, Inc. was incorporated in 1987 and is headquartered in Albuquerque, New Mexico.",NGM,Mr. Kevin G. Hostetler,United States,2020-10-15,false,false,true,https://arraytechinc.com,,USD,1200,Albuquerque,NM,505 881 7567,3901 Midway Place NE,0,2026-10-07T23:40:04+00:00,2026-10-07T23:40:04+00:00,Equity,-0.25976,0.03329,0.26761,0.10877,-0.07249,-0.056,-0.732,1185011968,119358000,132193248,-147911008,15571000,-2.911585,12.836,1.293,752886016,260388000,1451792000,307302016,,2.198,1.681,254.273,0,0.4026,0.00786,1.47683,0.2911
SHLS,"Shoals Technologies Group, Inc.",8.39,1412036608,5839232,4931148,8.4,8.21,8.46,8.39,-0.099999,-1.17785,8.49,2026-10-07,,,1.848,168299950,44.157898,0.19,Technology,Solar,"Shoals Technologies Group, Inc. provides electrical balance of system (EBOS) solutions and components in the United States and internationally. The company designs, manufactures, and sells various products used by the solar and battery storage industries, including solar big lead assembly (BLA) solutions; homeruns, interconnection, and extension solutions; combiners and re-combiners; load break disconnects and transition solutions; wireless performance monitoring; and battery energy storage solutions (BESS). It also offers original equipment manufacturer (OEM) components; and technical support services during installation and the transition to operations and maintenance. The company sells its products to engineering, procurement, and construction firms that build solar energy projects; utilities; solar developers, independent power producers; solar module manufacturers; and charge point operators. Shoals Technologies Group, Inc. was founded in 1996 and is headquartered in Portland, Tennessee.",NGM,Mr. Brandon  Moss,United States,2021-01-27,false,false,true,https://www.shoals.com,,USD,1480,Portland,TN,615 451 1400,1500 Shoals Way,0,2026-10-07T23:40:05+00:00,2026-10-07T23:40:05+00:00,Equity,0.0534,0.05843,0.32109,0.13808,0.05415,0.474,-0.125,588057984,100616000,-42993376,31842000,9902000,2.28735,16.201,2.772,233811008,599973000,904101000,15724000,,2.246,1.053,37.881,0,0.5354,0.01056,1.1799,0.1172
ICLN,iShares Global Clean Energy ETF,17.309999,,3661617,6486757,17.209999,17.17,17.32,17.309999,-0.230001,-1.311297,17.540001,2026-10-07,,,,,21.01321,,,,"The fund seeks to track the investment results of the index designed to track the performance of approximately 100 clean energy-related companies. The index is a subset of the S&P Global Broad Market Index and includes stocks traded on developed and emerging market exchanges which meet or exceed, at the time of inclusion, $300 million in total market capitalization, $100 million in float-adjusted market capitalization, and $3 million median daily value traded over a six-month period. It is non-diversified.",NGM,,,,true,false,true,,,USD,,,,415-670-2000,,1.08,2026-10-07T23:40:06+00:00,2026-10-07T23:40:06+00:00,Equity,,,,,,,,,,,,,,,,,,2225109248,,0.38,,,,,,,,
JKHY,"Jack Henry & Associates, Inc.",145.690002,10214617088,661060,1027498,144.410004,142.220001,146.899994,145.690002,1.26001,0.872402,144.429993,2026-10-07,,,0.563,70111999,20.872494,6.98,Technology,Information Technology Services,"Jack Henry & Associates, Inc. operates as a financial technology company that connects people and financial institutions through technology solutions and payment processing services in the United States. It operates through four segments: Core, Payments, Complementary, and Corporate Services. The Core segment provides core information processing platforms to banks and credit unions, which consists of integrated applications required to process deposit, loan, general ledger transactions, and maintain centralized accountholder information. The Payments segment offers secure payment processing tools and services, including ATM, money movement and embedded payment capabilities, remote deposit capture processing, and risk management products and services, as well as debit and credit card processing services, and online and mobile bill pay solutions. The Complementary segment provides software, and hosted processing platforms and services comprising digital/mobile banking, treasury, online account opening, fraud/anti-money laundering, and lending/deposit solutions. The Corporate Services segment offers hardware and other products. It offers specialized financial performance, imaging and payment, information security and risk management, retail delivery, and online and mobile solutions to financial services organizations and corporate entities. The company also provides SilverLake system, a system primarily designed for commercial-focused banks; CIF 20/20, a parameter-driven system for banks; and Core Director, a system with point-and-click operation for banks; and Symitar, a system designed for credit unions. It provides digital products and services under the Banno Digital Platform, and electronic payment solutions; hardware systems; implementation, training, and support and services; and data and transaction processing, and software licensing and related services, as well as professional services. The company was founded in 1976 and is headquartered in Monett, Missouri.",NMS,Mr. Gregory R. Adelson,United States,,false,false,true,https://www.jackhenry.com,,USD,7300,Monett,MO,417 235 6652,663 West Highway 60,1.69,2026-10-07T23:40:07+00:00,2026-10-07T23:40:07+00:00,Equity,0.2404,0.12989,0.43898,0.22503,0.19761,0.047,-0.104,2544338944,702214016,352223744,502776000,32460000,4.975072,14.64,4.041,77821000,2051949000,3145711000,12056000,,1.167,0.734,3.793,0.341,1.8075,0.0062,1.0243,0.07
CBOE,"Cboe Global Markets, Inc.",281.570007,29404641280,838367,1086037,275.850006,275.190002,283.123413,281.570007,3.369995,1.211357,278.200012,2026-10-07,,,0.414,104431019,21.94622,12.83,Financial Services,Financial Data & Stock Exchanges,"Cboe Global Markets, Inc., through its subsidiaries, operates as a derivatives and securities exchange network that delivers trading, clearing, and investment solutions in the United States and internationally. It operates through five segments: Options, North American Equities, Europe and Asia Pacific, Futures, and Global FX. The Options segment includes options on market indices, stocks of individual corporations, and exchange-traded products (ETPs), such as exchange-traded funds (ETFs) and exchange-traded notes (ETNs). This segment also offers trading in listed options through a single system. The North American Equities segment comprises U.S. equities and ETP transaction services. This segment also includes listing services on Cboe Canada, ETP listings on BZX, the Cboe Global Markets, Inc. common stock listing, and applicable market data. The Europe and Asia Pacific segment provides pan-European derivatives transaction services; ETPs, including exchange-traded funds, exchange-traded notes, and exchange-traded commodities; international depository receipts; and an ETP listings business on regulated markets and clearing activities, as well as equities services. The Futures segment offers transaction services, including trading in VIX futures and other futures products, the licensing of proprietary market data, and access and capacity services. The Global FX segment provides institutional foreign exchange (FX) trading and non-deliverable forward FX transaction services. The company also provides trading solutions and products in multiple asset classes, including equities, derivatives, and FX across North America, Europe, and Asia Pacific. It has strategic relationships with S&P Dow Jones Indices, LLC; Frank Russell Company; and FTSE International Limited. The company was formerly known as CBOE Holdings, Inc. and changed its name to Cboe Global Markets, Inc. in October 2017. Cboe Global Markets, Inc. was founded in 1973 and is headquartered in Chicago, Illinois.",BTS,Mr. Craig Steven Donohue,United States,,false,false,true,https://www.cboe.com,,USD,1661,Chicago,IL,312 786 5600,433 West Van Buren Street,1.24,2026-10-07T23:40:08+00:00,2026-10-07T23:40:08+00:00,Equity,0.26297,0.11578,0.54079,0.34634,0.26734,0.229,0.502,5061300224,1930700032,678249984,1347399936,50400000,5.232963,14.829,5.657,1580300032,5138300000,9305300000,2354500096,,1.565,0.793,28.09,0.2245,2.3792,0.00255,0.91323,0.0298
MKTX,MarketAxess Holdings Inc.,164.169998,5778323456,669537,1048254,164.149994,164.149994,164.360001,164.169998,0.139999,0.08535,164.029999,2026-10-07,,,0.793,35197197,19.405437,8.46,Financial Services,Capital Markets,"MarketAxess Holdings Inc., together with its subsidiaries, operates an electronic trading platform for institutional investor and broker-dealer firms in the United States, the United Kingdom, and internationally. The company offers trading technology to access liquidity on its platforms in U.S. high-grade bonds, U.S. high-yield bonds, emerging market debt, eurobonds, municipal bonds, U.S. government bonds, and other fixed-income securities; and executes bond trades between and among institutional investor and broker-dealer clients in an all-to-all anonymous trading environment for corporate bonds through its Open Trading protocols. It also provides automated and algorithmic trading solutions, such as X-Pro, a trading platform to combine trading protocols with its proprietary data and pre-trade analytics; and integrated and actionable data offerings, including CP+ and Axess All, a real-time pricing engine, including Auto-X and portfolio trading. In addition, the company offers various pre-and post-trade services, such as processing, trade matching, trade publication, regulatory transaction reporting, and market and reference data across a range of fixed-income and other products. The company was incorporated in 2000 and is headquartered in New York, New York.",NMS,Mr. Christopher Robert Concannon J.D.,United States,,false,false,true,https://www.marketaxess.com,,USD,863,New York,NY,212 813 6000,55 Hudson Yards,1.9,2026-10-07T23:40:09+00:00,2026-10-07T23:40:09+00:00,Equity,0.2314,0.10153,0.61663,0.41862,0.35217,-0.005,0.01,870025024,434956000,-457790016,306400000,30918000,4.663258,12.932,6.465,178912992,1145667000,1934886000,346312000,,7.465,6.516,14.275,0.3641,1.2288,0.00742,1.14699,0.0865
TW,Tradeweb Markets Inc.,107.400002,23201435648,1005780,1416712,107.843803,106.410004,108.919998,107.400002,-0.139999,-0.130184,107.540001,2026-10-07,,,0.613,114038202,25.69378,4.18,Financial Services,Capital Markets,"Tradeweb Markets Inc. builds and operates electronic marketplaces in the United States and internationally. The company offers marketplaces that facilitate trading products across various asset classes, including rates, credit, equities, and money markets. It also provides pre-trade data and analytics, such as AI-Price, SNAP+, iNAV for ETFs, integrations, and LSEG market data; and trade execution comprising request-for-quote, request-for-market, request-for-stream, list trading, compression, blast all-to-all, click-to-trade, portfolio trading, session-based, central limit order book, bilateral firm streams, inventory-based, rematch, voice, futures vs. cash spreading, and dealer algorithmic suite. In addition, the company offers trade processing; and post-trade data, analytics, and reporting, which include transaction cost analysis, benchmark prices, and APA. It serves institutional, wholesale, retail, and corporate clients, such as asset managers, hedge funds, insurance companies, central banks, banks and dealers, proprietary trading firms, retail brokerage and financial advisory firms, regional dealers, and corporations. The company was founded in 1996 and is headquartered in New York, New York. Tradeweb Markets Inc. is a subsidiary of Refinitiv Parent Limited.",NMS,Mr. William E. Hult,United States,,false,false,true,https://www.tradeweb.com,,USD,1613,New York,NY,646 430 6000,245 Park Avenue,0.52,2026-10-07T23:40:10+00:00,2026-10-07T23:40:10+00:00,Equity,0.14469,0.1248,0.93154,0.43829,0.40701,0.09,0.197,2204436992,,,896700992,103537000,3.454931,,9.732,150336992,6507755000,8189557000,2057928960,,6.787,6.059,2.049,0.1244,1.6235,0.00277,1.06975,0.0303
STT,State Street Corporation,174.190002,47850299392,1607448,1946118,173.479996,171.169998,174.335007,174.190002,-1.559998,-0.887623,175.75,2026-10-07,,,1.418,274701765,15.36067,11.34,Financial Services,Asset Management,"State Street Corporation provides various financial products and services to institutional investors. It offers custody, accounting, and fund administration services for traditional and alternative assets, as well as multi-asset class investments; recordkeeping, client reporting, and investment book of record, transaction management, loans, cash, derivatives, and collateral services; investor services operations outsourcing; performance, risk, and compliance analytics; financial data management to support institutional investors; foreign exchange, brokerage, and other trading services; securities finance, such as prime services products; and deposit and short-term investment facilities. The company also provides the State Street Alpha platform that combines portfolio management, trading and execution, analytics and compliance tools, and advanced data aggregation and integration with other industry platforms and providers; front-office technology that automates and simplifies the institutional investment process comprising portfolio management and risk analytics, trading, and post-trade settlement with integrated compliance and managed data; investment management solutions; and portfolio management, trading compliance, and manager/sponsor communication. In addition, it offers investment management solutions, such as strategies across equity, fixed income, cash, multi-asset, and alternatives; and ETFs, custom indexed, managed funds, and mandates. The company provides its products and services to mutual funds, collective investment funds and other investment pools, corporate and public retirement plans, insurance companies, wealth managers, investment managers, foundations, and endowments. The company was founded in 1792 and is headquartered in Boston, Massachusetts.",NYQ,Mr. Ronald Philip O'Hanley,United States,,false,false,true,https://www.statestreet.com,,USD,50596,Boston,MA,617 786 3000,One Congress Street,2.09,2026-10-07T23:40:12+00:00,2026-10-07T23:40:12+00:00,Equity,0.12437,0.00869,0,0.34313,0.23005,0.184,0.682,15022999552,,,3220999936,,2.002,,-3.951,57440002048,27841000000,366047000000,168210006016,,,,,0.2963,0.6722,0.00356,0.94939,0.0192
NTRS,Northern Trust Corporation,168.179993,30769479680,1046335,1051120,167.820007,166.009995,168.369995,168.179993,-1.280014,-0.755349,169.460007,2026-10-07,,,1.253,182955653,14.448453,11.64,Financial Services,Asset Management,"Northern Trust Corporation, a financial holding company, provides wealth management, asset servicing, asset management, and banking solutions for corporations, institutions, families, and individuals. It operates in two segments, Asset Servicing and Wealth Management. The Asset Servicing segment offers asset servicing and related services, including custody, fund administration, investment operations outsourcing, investment management, investment risk and analytics services, employee benefit services, securities lending, foreign exchange, treasury management, brokerage, transition management, banking, and cash management services. It serves corporate and public retirement funds, foundations, endowments, fund managers, insurance companies, sovereign wealth funds, and other institutional investors. The Wealth Management segment offers trust, investment management, custody, and philanthropic services; financial consulting; guardianship and estate administration; family business consulting; family financial education; brokerage; and private and business banking services. This segment also provides global custody, fiduciary services, family office consulting, and technology solutions to high-net-worth individuals and families, business owners, executives, professionals, retirees, and established privately held businesses. In addition, it offers asset management and related services comprising active and passive equity; active and passive fixed income; cash management; multi-asset and alternative asset classes that include private equity and hedge funds of funds; and multi-manager advisory services and products through separately managed accounts, bank common and collective funds, registered investment companies, exchange-traded funds, non-U.S. collective investment funds, and unregistered private investment funds. Further, the company provides overlay and other risk management services. The company was founded in 1889 and is headquartered in Chicago, Illinois.",NMS,Mr. Michael Gerard O'Grady,United States,,false,false,true,https://www.northerntrust.com,,USD,23600,Chicago,IL,312 630 6000,50 South La Salle Street,1.94,2026-10-07T23:40:13+00:00,2026-10-07T23:40:13+00:00,Equity,0.17066,0.01276,0,0.42496,0.2467,0.364,0.986,9085500416,,,2181299968,,2.458269,,4.182,16345100288,12957900000,177132700000,10004799488,,,,,0.2749,0.9845,0.00859,0.8615,0.0248
IBKR,"Interactive Brokers Group, Inc.",87.739998,149492776960,3648999,4112782,88.300003,85.970001,89.110001,87.739998,-2.840004,-3.135354,90.580002,2026-10-07,,,1.37,453077771,34.81746,2.52,Financial Services,Capital Markets,"Interactive Brokers Group, Inc. operates as an automated electronic broker in the United States and internationally. The company engages in the execution, clearance, and settlement of trades in stocks, options, futures, foreign exchange instruments, bonds, precious metals, and cryptocurrencies; and the company provides custody, prime brokerage, securities, and margin lending services. It also offers custody and service accounts for hedge and mutual funds, ETFs, registered investment advisors, proprietary trading groups, introducing brokers, and individual investors. In addition, the company provides trading platforms, including IBKR Trader Workstation, IBKR Desktop, IBKR Mobile, and IBKR Client Portal platform, as well as IBKR GlobalTrader mobile application, and IBKR APIs, builds custom trading applications and automates any part of the trading process. Further, it offers IBKR Pro, IBKR Lite, IBKR Universal Account, insured bank deposit sweep program, investors' marketplace, mutual fund marketplace, bond marketplace, forecast and event contracts, fractional trading, no transaction fee program for exchange-traded funds, overnight trading hours, and karta visa infinite charge card. It serves institutional and individual customers through electronic exchanges and market centers. Interactive Brokers Group, Inc. was founded in 1977 and is headquartered in Greenwich, Connecticut.",NMS,Mr. Thomas Pechy Peterffy,United States,,false,false,true,https://www.interactivebrokers.com,,USD,3265,Greenwich,CT,203 618 5800,One Pickwick Plaza,0.39,2026-10-07T23:40:14+00:00,2026-10-07T23:40:14+00:00,Equity,0.24019,0.02284,0.93036,0.76533,0.16474,0.263,0.353,6834999808,,,1126000000,118000000,6.696176,,-4.24,45779001344,5363000000,203240000000,130858999808,,1.093,1.093,205.748,0.13,1.4786,0.02666,0.88522,0.0317
KKR,KKR & Co. Inc.,89.669998,82818359296,4571222,4214026,89.529999,88.32,90.245003,89.669998,-1,-1.102901,90.669998,2026-10-07,,,1.827,897635601,28.648561,3.13,Financial Services,Asset Management,"KKR & Co. Inc. is a private equity and real estate investment firm specializing in direct and fund of fund investments. It specializes in acquisitions, leveraged buyouts, management buyouts, credit special situations, growth equity, mature, mezzanine, distressed, turnaround, lower middle market, and middle market investments. The firm considers investments in all industries with a focus on software, cybersecurity, fintech, data and information, security, semiconductors, consumer electronics, internet of things (iot), internet, information services, information technology infrastructure, financial technology, network and cyber security architecture, engineering and operations, content, technology and hardware, energy and infrastructure, real estate, services industry with a focus on business services, intelligence, industry-leading franchises and companies in natural resource, containers and packaging, agriculture, airports, ports, forestry, electric utilities, textiles, apparel and luxury goods, household durables, digital media, insurance, brokerage houses, non-durable goods distribution, supermarket retailing, grocery stores, food, beverage, and tobacco, hospitals, entertainment venues and production companies, publishing, printing services, capital goods, financial services, specialized finance, pipelines, and renewable energy. In energy and infrastructure, it focuses on the upstream oil and gas and equipment, minerals and royalties and services verticals. In real estate, the firm seeks to invest in private and public real estate securities including property-level equity, debt and special situations transactions and businesses with significant real estate holdings, and oil and natural gas properties. The firm also invests in asset services sector that encompasses a broad array of B2B, B2C and B2G services verticals including asset-based, transport, logistics, leisure/hospitality, resource and utility support, infra-like, mission-critical, and environmental servi",NYQ,Mr. George R. Roberts J.D.,United States,,false,false,true,https://www.kkr.com,,USD,5043,New York,NY,212 750 8300,30 Hudson Yards,0.86,2026-10-07T23:40:15+00:00,2026-10-07T23:40:15+00:00,Equity,0.0728,0.01386,0.54767,0.2065,0.12201,0.078,0.4,25833117696,,,2990256128,722109000,2.824252,,5.46,56163958784,30902561000,410144072000,47556554752,,0.856,0.817,69.812,0.2396,0.4147,0.23047,0.62516,0.0197
APO,"Apollo Global Management, Inc.",115.550003,68237262848,2675337,3364126,114.410004,113.900002,117.190002,115.550003,-0.399994,-0.344971,115.949997,2026-10-07,,,1.58,590543159,41.41577,2.79,Financial Services,Asset Management,"Apollo Global Management, Inc. is a private equity firm specializing in investments in credit, private equity, infrastructure, secondaries and real estate markets. The firm prefers to invest in private and public markets. The firm's private equity investments include traditional buyouts, recapitalization, distressed buyouts and debt investments in real estate, corporate partner buyouts, distressed asset, corporate carve-outs, middle market, growth capital, venture capital, turnaround, bridge, PIPES, corporate restructuring, special situation, acquisition, and industry consolidation transactions. For credit strategies, the firm focuses on investing in multi-sector credit, semi-liquid credit, direct lending, first lien, unitranche, whole loans and private credit. The firm provides its services to endowment and sovereign wealth funds, as well as other institutional and individual investors. It manages client focused portfolios. The firm launches and manages hedge funds for its clients. It also manages real estate funds and private equity funds for its clients. The firm invests in the fixed income and alternative investment markets across the globe. Its fixed income investments include income-oriented senior loans, bonds, collateralized loan obligations, structured credit, opportunistic credit, non-performing loans, distressed debt, mezzanine debt, and value oriented fixed income securities. The firm seeks to invest in chemicals, commodities, consumer and retail, oil and gas, metals, mining, agriculture, commodities, distribution and transportation, financial and business services, manufacturing and industrial, media distribution, cable, entertainment and leisure, telecom, technology, natural resources, energy, packaging and materials, and satellite and wireless industries. It also focuses on clean energy, sustainable industry, climate solutions, energy transition, industrial decarbonization, sustainable mobility, sustainable resource use, and sustainable real estate. I",NYQ,Mr. Marc Jeffrey Rowan,United States,,false,false,true,https://www.apollo.com/institutional/homepage,,USD,6140,New York,NY,212 515 3200,9 West 57th Street,1.94,2026-10-07T23:40:16+00:00,2026-10-07T23:40:16+00:00,Equity,0.11412,0.00941,0.36142,0.21952,0.05267,0.638,0.637,35598000128,,,1888000000,789000000,3.394237,,2.37,41884000256,23341000000,460949000000,47616000000,,1.948,1.897,100.969,0.75,0.4661,0.26243,0.68017,0.0434
TROW,"T. Rowe Price Group, Inc.",104.07,22199781376,1738431,1687321,102.599998,102.544998,104.269997,104.07,0.470001,0.453669,103.599998,2026-10-07,,,1.471,213315850,10.448795,9.96,Financial Services,Asset Management,"T. Rowe Price Group, Inc. is a publicly owned investment manager. The firm provides its services to individuals, institutional investors, retirement plans, financial intermediaries, and institutions. It launches and manages equity and fixed income mutual funds. The firm invests in the public equity and fixed income markets across the globe. It employs fundamental and quantitative analysis with a bottom-up approach. The firm utilizes in-house and external research to make its investments. It employs socially responsible investing with a focus on environmental, social, and governance issues. It makes investment in late-stage venture capital transactions and usually invests between $3 million and $5 million. The firm was previously known as T. Rowe Group, Inc. and T. Rowe Price Associates, Inc. T. Rowe Price Group, Inc. was founded in 1937 and is based in Baltimore, Maryland, with additional offices in North America, Europe, Asia, Australia.",NMS,"Mr. Robert W. Sharps C.F.A., CPA",United States,,false,false,true,https://www.troweprice.com,,USD,7544,Baltimore,MD,410 345 2000,1307 Point Street,5.02,2026-10-07T23:40:17+00:00,2026-10-07T23:40:17+00:00,Equity,0.194,0.10659,0.51614,0.28688,0.29262,0.107,0.286,7592000000,2963800064,2023912448,2167300096,216900000,2.017682,6.946,2.712,450600000,10860100000,14341800000,3234299904,,4.039,4.039,3.702,0.5161,2.1611,0.017,0.9187,0.1493
BEN,Franklin Templeton Inc.,32.48,16502337536,4416225,4060343,32.07,31.915001,32.549999,32.48,0.040001,0.123307,32.439999,2026-10-07,,,1.576,508076910,22.095238,1.47,Financial Services,Asset Management,"Franklin Templeton Inc. is a publicly owned asset investment manager. Through its subsidiaries, the firm provides its services to individuals, institutions, pension plans, trusts, and partnerships. It launches equity, fixed income, balanced, and multi-asset mutual funds through its subsidiaries. The firm invests in the public equity, fixed income, and alternative markets. Franklin Resources, Inc. was founded in 1947 and is based in San Mateo, California with an additional office in Calgary, Alberta; Dubai, United Arab Emirates; Edinburgh, Midlothian; Fort Lauderdale, Florida; Hyderabad, India; London, Greater London; Rancho Cordova, California; Shanghai, Shanghai Province; Singapore; Stamford, Connecticut; and Vienna.",NYQ,Mr. Gregory Eugene Johnson CPA,United States,,false,false,true,https://www.franklintempleton.com/corporate,,USD,10100,San Mateo,CA,650-312-2000,One Franklin Parkway,4.07,2026-10-07T23:40:18+00:00,2026-10-07T23:40:18+00:00,Equity,0.07887,0.02638,0.37707,0.12979,0.08717,0.143,1.067,9324099584,1799100032,-2990862592,759200000,214800000,1.404298,11.154,2.152,3572100096,12077800000,32368300000,2670299904,,5.486,1.114,24.805,0.8912,0.4069,0.48496,0.50101,0.0429
IVZ,Invesco Ltd.,30.5,13465743360,4447526,4523021,30.01,29.860001,30.52,30.5,0.120001,0.394999,30.379999,2026-10-07,,,1.631,441499780,,-0.68,Financial Services,Asset Management,"Invesco Ltd. is a publicly owned investment manager. The firm provides its services to retail clients, institutional clients, high-net worth clients, public entities, corporations, unions, non-profit organizations, endowments, foundations, pension funds, financial institutions, and sovereign wealth funds. It manages separate client-focused equity and fixed income portfolios. The firm also launches equity, commodity, fixed income, multi-asset, and balanced mutual funds for its clients. It launches equity, fixed income, multi-asset, and balanced exchange-traded funds. The firm also launches and manages private funds. It invests in the public equity and fixed income markets across the globe. The firm prefers to invest between $5 million and $15 million in companies. The firm also invests in alternative markets, such as commodities and currencies. For the equity portion of its portfolio, it invests in growth and value stocks of large-cap, mid-cap, and small-cap companies. For the fixed income portion of its portfolio, the firm invests in convertibles, government bonds, municipal bonds, treasury securities, and cash. It also invests in short term and intermediate term bonds, investment grade and high yield bonds, taxable and tax-free bonds, senior secured loans, and structured securities such as asset-backed securities, mortgage-backed securities, and commercial mortgage-backed securities. The firm employs absolute return, global macro, and long/short strategies. It employs quantitative analysis to make its investments. The firm was formerly known as Invesco Plc, AMVESCAP plc, Amvesco plc, Invesco PLC, Invesco MIM, and H. Lotery & Co. Ltd. Invesco Ltd. was founded in 1935 and is based in Atlanta, Georgia with an additional office in Asia, Europe, Africa and North America.",NYQ,Mr. Andrew Ryan Schlossberg,United States,,false,false,true,https://www.invesco.com/corporate/en/home.html,,USD,7405,Atlanta,GA,404 892 0896,Midtown Union,2.83,2026-10-07T23:40:19+00:00,2026-10-07T23:40:19+00:00,Equity,-0.00573,0.02915,0.2952,0.1995,-0.00934,0.205,,6902499840,1444800000,1140787456,-309200000,80000000,1.351771,12.239,2.562,1624000000,12231000000,27094000000,915400000,,0.708,0.708,12.056,0.5646,0.9008,0.006,0.98585,0.0427
URI,"United Rentals, Inc.",1037.439941,64572841984,492878,470645,1070.589966,1023.169983,1070.954956,1037.439941,-43.180054,-3.995859,1080.619995,2026-10-07,,,1.826,62242489,24.944456,41.59,Industrials,Rental & Leasing Services,"United Rentals, Inc., through its subsidiaries, operates as an equipment rental company in the United States, Canada, Europe, Australia, and New Zealand. It operates through two segments, General Rentals and Specialty. The General Rentals segment rents general construction and industrial equipment, such as backhoes, skid-steer loaders, forklifts, earthmoving equipment, and material handling equipment; aerial work platforms, including boom and scissor lifts; and general tools and light equipment comprising pressure washers, water pumps, and power tools for construction and industrial companies, manufacturers, utilities, municipalities, homeowners, and government entities. The specialty segment rents trench safety equipment consists of trench shields, aluminum hydraulic shoring systems, slide rails, crossing plates, construction lasers, and line testing equipment for underground work; power and heating, ventilating, and air conditioning equipment, such as portable diesel generators, electrical distribution equipment, and temperature control equipment; fluid solutions equipment for fluid containment, transfer, and treatment; surface protection mats; and mobile storage equipment and modular office space. This segment serves construction companies involved in infrastructure projects, and municipalities and industrial companies. The company also sells aerial lifts, reach forklifts, telehandlers, compressors, and generators; construction consumables, tools, small equipment, and safety supplies; and parts for equipment that is owned by its customers, as well as provides repair and maintenance services. It sells used equipment through its sales force, brokers, website, at auctions, and directly to manufacturers. United Rentals, Inc. was incorporated in 1997 and is headquartered in Stamford, Connecticut.",NYQ,Mr. Matthew J. Flannery,United States,,false,false,true,https://www.unitedrentals.com,,USD,28500,Stamford,CT,203 622 3131,100 First Stamford Place,0.73,2026-10-07T23:40:20+00:00,2026-10-07T23:40:20+00:00,Equity,0.28895,0.08768,0.3848,0.25986,0.15673,0.118,0.255,16832000000,4690999808,1706249984,2638000128,134000000,7.011245,17.021,4.744,15384999936,8968000000,29866000000,112000000,,0.764,0.619,166.793,0.1808,1.3403,0.00434,0.9489,0.0284
VMC,Vulcan Materials Company,244.130005,31634057216,874852,1078759,245.940002,241.820007,246.550003,244.130005,-4.720001,-1.896725,248.850006,2026-10-07,,,1.046,129578739,28.788918,8.48,Basic Materials,Building Materials,"Vulcan Materials Company produces and supplies construction aggregates in the United States. It operates through three segments: Aggregates, Asphalt, and Concrete. The company provides crushed stone, sand and gravel, sand, and other aggregates for use in construction and maintenance of highways, streets, and other public works, as well as in the construction of housing and commercial, industrial, and other nonresidential facilities; aggregates that are used as ballast for construction and maintenance of railroad tracks; riprap and jetty stones for use in erosion control along roads and waterways; asphalt mix; asphalt construction paving services; and ready-mixed concrete products. The company was formerly known as Virginia Holdco, Inc. and changed its name to Vulcan Materials Company. Vulcan Materials Company was founded in 1909 and is headquartered in Birmingham, Alabama.",NYQ,Mr. James Thomas Hill,United States,,false,false,true,https://www.vulcanmaterials.com,,USD,11548,Birmingham,AL,205 298 3000,1200 Urban Center Drive,0.84,2026-10-07T23:40:21+00:00,2026-10-07T23:40:21+00:00,Equity,0.13234,0.06044,0.27506,0.21611,0.13748,0.025,0.027,8115800064,2340300032,843600000,1117100032,63100000,3.732019,15.556,4.486,4942099968,8525100000,16700400000,194200000,,1.757,1.051,58.22,0.2382,1.6502,0.00231,1.0084,0.0494
MLM,"Martin Marietta Materials, Inc.",479.01001,34018996224,577403,691076,483.359985,474.964996,487,479.01001,-10,-2.044948,489.01001,2026-10-07,,,1.085,71019382,31.144995,15.38,Basic Materials,Building Materials,"Martin Marietta Materials, Inc., a natural resource-based building materials company, supplies aggregates and heavy-side building materials to the construction industry in the United States and internationally. It operates through East Group and West Group segments. The company offers crushed stone, sand, and gravel products; ready mixed concrete and asphalt; and paving products and services for use in the infrastructure projects, and nonresidential and residential construction projects, as well as in the railroad, agricultural, utility, and environmental industries. It also produces magnesia-based chemicals products, and dolomitic lime primarily to customers for steel production and soil stabilization. Its chemical products are used in flame retardants, wastewater treatment, pulp and paper production, and other applications. The company was founded in 1939 and is based in Raleigh, North Carolina.",NYQ,Mr. C. Howard Nye J.D.,United States,,false,false,true,https://www.martinmarietta.com,,USD,9600,Raleigh,NC,919 781 4550,4123 Parklake Avenue,0.69,2026-10-07T23:40:22+00:00,2026-10-07T23:40:22+00:00,Equity,0.08894,0.04568,0.2823,0.20185,0.36737,0.21,-0.232,6688000000,2126000000,593374976,930000000,46000000,2.49134,16.466,5.234,6344999936,10032000000,18711000000,112000000,,1.407,0.651,54.945,0.2159,1.8321,0.16148,0.86079,0.0457
EXP,Eagle Materials Inc.,167.5,5138116608,614728,444642,169.460007,165.300003,169.440002,167.5,-4.039993,-2.355132,171.539993,2026-10-07,,,1.335,30675325,13.19937,12.69,Basic Materials,Building Materials,"Eagle Materials Inc., through its subsidiaries, manufactures and sells heavy construction products and light building materials in the United States. The company operates in four segments: Cement, Concrete and Aggregates, Gypsum Wallboard, and Recycled Paperboard. It engages in the mining of limestone for the manufacture, production, distribution, and sale of portland cement, including Portland limestone cement; grinding and sale of slag; and mining of gypsum for the manufacture and sale of gypsum wallboards used to finish the interior walls and ceilings in residential, commercial, and industrial structures, as well as well as containerboard and lightweight packaging grades. The company is also involved in the manufacture and sale of recycled paperboard to the gypsum wallboard industry and other paperboard converters; sale of readymix concrete; and mining and sale of aggregates, such as crushed stone, sand, and gravel. Its products are used in commercial and residential construction; public construction projects to build, expand, and repair roads and highways; and repair and remodel activities. The company was formerly known as Centex Construction Products, Inc. and changed its name to Eagle Materials, Inc. in January 2004. Eagle Materials Inc. was founded in 1963 and is headquartered in Dallas, Texas.",NYQ,Mr. Michael R. Haack,United States,,false,false,true,https://www.eaglematerials.com,,USD,2800,Dallas,TX,214 432 2000,5960 Berkshire Lane,0.58,2026-10-07T23:40:23+00:00,2026-10-07T23:40:23+00:00,Equity,0.2703,0.09233,0.2702,0.21667,0.17316,0.026,-0.125,2324933888,704889024,25278250,402574016,21266000,3.470064,9.505,2.882,1795406976,1474828000,3842244000,233539008,,3.231,1.856,120.746,0.0788,2.09,0.01243,1.09704,0.0785
CRH,CRH plc,81.459999,54194073600,4177656,4691260,82.830002,80.660004,83.195,81.459999,-2.139999,-2.559808,83.599998,2026-10-07,,,1.191,665284511,14.392226,5.66,Basic Materials,Building Materials,"CRH plc, together with its subsidiaries, provides building materials solutions in Ireland, the United States, the United Kingdom, rest of Europe, and internationally. It operates through three segments: Americas Materials Solutions, Americas Building Solutions, and International Solutions. The company offers building materials for the construction and maintenance of public infrastructure, and commercial and residential buildings, as well as construction and renovation of transportation infrastructure, critical utility networks, commercial and residential buildings, and outdoor living spaces; paving and construction services; and produces and sells aggregates, cementitious materials, ready mixed concrete and mortars, and asphalt. It also manufactures, supplies, and delivers building products for the built environment in communities in North America; and provides building and infrastructure solutions for complex critical utility infrastructure, such as water, energy, transportation, and telecommunications projects, and outdoor living solutions for private and public spaces. In addition, the company produces and supplies precast and pre-stressed concrete products comprising vaults, pipes, and manholes; and concrete and polymer-based products, such as underground vaults, drainage systems, enclosures, and modular precast structures for applications in transportation, water, energy, and telecommunications markets. Further, it provides crushed stone, sand, and gravel; granite, limestone, and sandstone; fly ash, pozzolans, synthetic gypsum, calcined clay, and ground granulated blast-furnace slags; fencing and railing systems, lawn and garden products, and packaged concrete mixes; and concrete masonry, hardscape and related products, including pavers, blocks and curbs, retaining walls, and slabs. CRH plc was founded in 1936 and is based in Dublin, Ireland.",NYQ,Mr. Jim  Mintern,Ireland,,false,false,true,https://www.crh.com,,USD,83032,Dublin,,353 1 404 1000,Stonemason’s Way,1.87,2026-10-07T23:40:24+00:00,2026-10-07T23:40:24+00:00,Equity,0.15812,0.06061,0.3625,0.19022,0.09935,0.056,0.139,38632001536,7731999744,2019124992,3814000128,143000000,2.256885,9.374,1.876,19812999168,24004000000,58329000000,3024999936,,1.579,1.005,77.592,0.2686,1.5259,0.00136,0.88929,0.0203
JHX,James Hardie Industries plc,24.610001,14286658560,10655120,9116503,25.129999,24.440001,25.08,24.610001,-0.92,-3.603604,25.530001,2026-10-07,,,1.063,580522488,98.44,0.25,Basic Materials,Building Materials,"James Hardie Industries plc engages in the manufacture and sale of fiber cement, fiber gypsum, and cement bonded boards in the United States, Australia, Europe, and New Zealand. It operates through four segments: Siding & Trim, Deck, Rail & Accessories, Australia & New Zealand, and Europe. The Siding & Trim segment manufactures fiber cement and PVC siding and trim products, mouldings, interior linings, and accessories under brands such as Hardie, AZEK Exteriors, and Versatex are used in both residential new construction and repair and remodel applications. The Deck, Rail & Accessories segment produces decking, railing, cladding, pergolas, cabanas, and related accessories, including wood-alternative decking and railing solutions offered under the TimberTech, ULTRALOX, and INTEX brands, as well as functional and decorative outdoor accessories, including drink rails, structural mounting posts, lighting systems and gate kits; and adjustable louvered pergola systems through StruXure. The Australia & New Zealand segment manufactures and sells fiber cement products for residential and commercial applications, including exterior cladding, interior wall linings, flooring, eaves and soffits, and façade systems, primarily under the Hardie brand. The Europe segment produces fiber gypsum products and cement-bonded boards under the fermacell brand, and fiber cement products under the Hardie brand, serving residential and commercial repair, remodel, and new construction markets. The company offers its products through a network of specialty building products distributors, lumberyards, and home improvement retailers to builder's merchants, remodelers, DIY stores, and professional contractors. James Hardie Industries plc was founded in 1888 and is headquartered in Dublin, Ireland.",NYQ,Mr. Aaron M. Erter,Ireland,,false,false,true,https://www.jameshardie.com,,USD,7500,Dublin,,353 1 411 6924,One Park Place,0,2026-10-07T23:40:25+00:00,2026-10-07T23:40:25+00:00,Equity,0.03313,0.05175,0.36767,0.16133,0.02693,0.639,0.234,5410500096,1445400064,2156787456,145700000,38000000,2.183673,12.812,3.423,4521999872,6425500000,13688600000,289900000,,1.586,0.712,69.137,0,1.2402,0.00417,0.50406,0.0263
BCC,Boise Cascade Company,72.919998,2544277248,226726,358262,74.190002,72.410004,74.969902,72.919998,-2.529999,-3.353213,75.449997,2026-10-07,,,1.047,34891351,24.80272,2.94,Basic Materials,Lumber & Wood Production,"Boise Cascade Company engages in the manufacture and sale of engineered wood products and plywood and wholesale distribution of building materials in the United States and Canada. It operates through two segments, Wood Products and Building Materials Distribution. The Wood Products segment manufactures laminated veneer lumber and beams for use in headers and beams; I-joists for residential and commercial flooring and roofing systems and other structural applications; structural, appearance, and industrial grade plywood panels; and ponderosa pine lumber and appearance grade boards. The Building Materials Distribution segment distributes a line of building materials, including oriented strand boards, plywood, and lumber; general line items, such as siding, composite decking, doors and millwork, metal products, insulation, and roofing; and engineered wood products. It markets and sells its products to dealers, home improvement centers, wholesalers, specialty distributors, and industrial converters for use in the construction of new residential housing, repair and remodeling of existing housing, construction of light industrial and commercial buildings, and other industrial applications through warehouse and direct sales. The company was incorporated in 2004 and is headquartered in Boise, Idaho.",NYQ,Mr. Jeffrey Robert Strom,United States,,false,false,true,https://www.bc.com,,USD,7740,Boise,ID,208 384 6161,1111 West Jefferson Street,1.18,2026-10-07T23:40:26+00:00,2026-10-07T23:40:26+00:00,Equity,0.0506,0.02859,0.16512,0.04584,0.01637,0.052,-0.007,6457935872,321772992,43333376,105687000,12119000,1.257371,8.667,0.432,549251008,2074878000,3241943000,304817984,,2.71,1.258,27.115,0.2993,2.94,0.01216,0.98804,0.0678
DHI,"D.R. Horton, Inc.",133.279999,37278584832,3571611,2575198,134.149994,132.125,134.460007,133.279999,-3.470001,-2.537478,136.75,2026-10-07,,,1.351,279701267,12.375115,10.77,Consumer Cyclical,Residential Construction,"D.R. Horton, Inc. operates as a homebuilding company in East, North, Southeast, South Central, Southwest, and Northwest regions in the United States. It engages in the acquisition and development of land; and construction and sale of residential homes in 126 markets across 36 states under the names of D.R. Horton. The company also constructs and sells single-family detached homes; and attached homes, such as townhomes and duplexes. In addition, it provides mortgage financing and title agency services; and engages in the residential lot development business. Further, the company develops, constructs, owns, leases, and sells multi-family and single-family rental properties; conducts insurance-related operations; and owns water rights and other water-related assets, as well as non-residential real estate, including ranch land and improvements. It primarily serves homebuyers. D.R. Horton, Inc. was founded in 1978 and is headquartered in Arlington, Texas.",NYQ,Mr. David V. Auld,United States,,false,false,true,https://www.drhorton.com,,USD,14341,Arlington,TX,817 390 8200,1341 Horton Circle,1.32,2026-10-07T23:40:27+00:00,2026-10-07T23:40:27+00:00,Equity,0.12632,0.06884,0.21298,0.1299,0.09154,0,-0.048,33350000640,4127399936,2413900032,3052900096,131000000,1.570809,10.412,1.289,7187899904,24190400000,35471200000,2078700032,,6.011,0.423,29.451,0.1668,1.1788,0.10398,0.87753,0.0466
LEN,Lennar Corporation,76.129997,18111344640,5229157,3614834,74.75,74.610001,76.785004,76.129997,-1.280006,-1.653541,77.410004,2026-10-07,,,1.376,207876222,13.867031,5.49,Consumer Cyclical,Residential Construction,"Lennar Corporation, together with its subsidiaries, operates as a homebuilder primarily under the Lennar brand in the United States. It operates through Homebuilding East, Homebuilding Central, Homebuilding South Central, Homebuilding West, Financial Services, Multifamily, and Lennar Other segments. The company's homebuilding operations include the construction and sale of single-family attached and detached homes, as well as the purchase, development, and sale of residential land; and development, construction, and management of multifamily rental properties. It also offers residential mortgage financing, title insurance, and closing services for home buyers and others, as well as originating and selling securitization commercial mortgage loans. In addition, the company is involved in fund investment activities. It primarily serves first-time, move-up, active adult, and luxury homebuyers. The company was founded in 1954 and is based in Miami, Florida.",NYQ,Mr. Stuart A. Miller,United States,,false,false,true,https://www.lennar.com,,USD,12532,Miami,FL,305 559 4000,5505 Waterford District Drive,2.58,2026-10-07T23:40:28+00:00,2026-10-07T23:40:28+00:00,Equity,0.05962,0.03374,0.16015,0.05693,0.04092,-0.087,-0.482,31973076992,1982134016,1227246208,1295213056,163494000,0.839573,11.688,0.725,6118689792,21959417000,34430437000,1200945024,,10.135,1.092,28.201,0.3788,11.3018,0.10737,0.99225,0.1024
NVR,"NVR, Inc.",5931.620117,15885786112,54503,36056,5988,5829.877441,5967.575195,5931.620117,-114.97998,-1.901564,6046.600098,2026-10-07,,,0.902,2678153,15.409608,384.93,Consumer Cyclical,Residential Construction,"NVR, Inc. operates as a homebuilder in the United States. The company operates through Homebuilding and Mortgage Banking segments. It engages in the construction and sale of single-family detached homes, townhomes, and condominium buildings under the Ryan Homes, NVHomes, and Heartland Homes names. The company markets its Ryan Homes products to first-time and first-time move-up buyers; and NVHomes and Heartland Homes products to move-up and luxury buyers. It also provides various mortgage related services to its homebuilding customers, as well as brokers title insurance; performs title searches; and sells mortgage loans to investors in the secondary markets on a servicing released basis. The company primarily serves Maryland, Virginia, West Virginia, Delaware, Washington, D.C., New Jersey, Eastern Pennsylvania, New York, Ohio, Western Pennsylvania, Indiana, Illinois, North Carolina, South Carolina, Tennessee, Florida, Georgia, and Kentucky. NVR, Inc. was founded in 1948 and is headquartered in Reston, Virginia.",NYQ,Mr. Paul C. Saville,United States,,false,false,true,https://www.nvrinc.com,,USD,6300,Reston,VA,703 956 4000,Plaza America Tower I,0,2026-10-07T23:40:29+00:00,2026-10-07T23:40:29+00:00,Equity,0.31544,0.16547,0.2184,0.13889,0.1185,-0.109,-0.226,9631335424,1536605952,918313280,1141319936,69213000,4.684421,10.484,1.673,1090254976,3864869000,5856930000,1093735936,,5.67,1.754,32.15,0,4.97,0.05551,0.92381,0.0747
TOL,"Toll Brothers, Inc.",133.860001,12334797824,1075161,973337,135.429993,132.369995,135.5,133.860001,-4.139999,-3,138,2026-10-07,,,1.301,92147000,10.786463,12.41,Consumer Cyclical,Residential Construction,"Toll Brothers, Inc., together with its subsidiaries, designs, builds, markets, sells, and arranges finance for a range of detached and attached homes in luxury residential communities in the United States. It designs, builds, markets, and sells condominiums through Toll Brothers City Living. The company also develops a range of single-story living and first-floor primary bedroom suite home designs, as well as communities with recreational amenities, such as golf courses, marinas, pool complexes, country clubs, and fitness and recreation centers; and develops, operates, rents apartments and student housing communities. In addition, it provides various interior fit-out options, such as flooring, wall tile, plumbing, cabinets, fixtures, appliances, lighting, and home-automation and security technologies. Further, the company owns and operates architectural, engineering, mortgage, title, land development, insurance, smart home technology, landscaping, lumber distribution, house component assembly, and component manufacturing operations. It serves luxury first-time, move-up, empty-nester, active-adult, and second-home buyers. The company was founded in 1967 and is headquartered in Fort Washington, Pennsylvania.",NYQ,Mr. Douglas C. Yearley Jr.,United States,,false,false,true,https://www.tollbrothers.com,,USD,4900,Fort Washington,PA,215 938 8000,1140 Virginia Drive,0.75,2026-10-07T23:40:31+00:00,2026-10-07T23:40:31+00:00,Equity,0.14393,0.06903,0.24827,0.1456,0.11138,-0.097,-0.204,10759035904,1682222976,557737472,1198382976,30834000,1.449391,8.441,1.32,2912773120,8270663000,14519866000,1057889024,,4.502,0.413,34.101,0.0822,0.8721,0.00742,0.96256,0.0519
KBH,KB Home,43.98,2673984000,1529282,1230921,44.57,43.365002,44.700001,43.98,-1.420002,-3.127758,45.400002,2026-10-07,,,1.337,60800000,12.388732,3.55,Consumer Cyclical,Residential Construction,"KB Home operates as a homebuilding company in the United States. It builds and sells homes, including attached and detached single-family residential homes, townhomes, and condominiums primarily for first-time, first move-up, second move-up, and active adult homebuyers. The company also provides financial services, such as mortgage banking services, such as residential consumer mortgage loan originations to homebuyers; property and casualty insurance services, as well as earthquake, flood, and personal property insurance products to homebuyers; and title services. It conducts operations in Arizona, California, Colorado, Florida, Idaho, Nevada, North Carolina, Texas, and Washington. The company was formerly known as Kaufman and Broad Home Corporation and changed its name to KB Home in January 2001. KB Home was founded in 1957 and is based in Los Angeles, California.",NYQ,Mr. Jeffrey T. Mezger,United States,,false,false,true,https://www.kbhome.com,,USD,2118,Los Angeles,CA,310 231 4000,10990 Wilshire Boulevard,2.2,2026-10-07T23:40:32+00:00,2026-10-07T23:40:32+00:00,Equity,0.05908,0.02687,0.17115,0.05975,0.04393,-0.2,-0.348,5180924928,341024000,,224904000,46238000,0.71018,13.559,0.893,2109144960,3900858000,6680252000,159018000,,6.177,0.526,55.482,0.2427,5.97,0.04408,1.06578,0.2338
POOL,Pool Corporation,154.139999,5601562624,808135,776973,158,153.550003,158.029999,154.139999,-4.100006,-2.591005,158.240005,2026-10-07,,,1.043,36340747,14.154269,10.89,Industrials,Industrial Distribution,"Pool Corporation distributes swimming pool supplies, equipment, related leisure, irrigation, and landscape maintenance products in the United States and internationally. It offers maintenance products, including chemicals, supplies, and pool accessories; repair and replacement parts for pool equipment, such as cleaners, filters, heaters, pumps, and lights; and building materials, such as concrete, plumbing and electrical components, functional and decorative pool surfaces, decking materials, tiles, hardscapes, and natural stones for pool installations and remodeling. The company also provides pool equipment and components for new pool construction and the remodeling of existing pools; irrigation and related products, such as irrigation system components, and professional turf care equipment and supplies; commercial products, including heaters, safety equipment, commercial decking equipment, and commercial pumps and filters. In addition, it offers fiberglass pools, and hot tubs and packaged pool kits comprising walls, liners, braces, and coping for in-ground and above-ground pools; and other pool construction and recreational products which consist discretionary recreational and related outdoor living products, such as grills and components for outdoor kitchens. The company serves swimming pool remodelers and builders; specialty retailers that sell swimming pool supplies; swimming pool repair and service businesses; irrigation construction and landscape maintenance contractors; and commercial pool operators and pool contractors. Pool Corporation was incorporated in 1993 and is headquartered in Covington, Louisiana.",NMS,Mr. John E. Stokely,United States,,false,false,true,https://www.poolcorp.com,,USD,6000,Covington,LA,985 892 5521,109 Northpark Boulevard,3.29,2026-10-07T23:40:33+00:00,2026-10-07T23:40:33+00:00,Equity,0.31255,0.09903,0.29579,0.15137,0.07414,0.022,0,5394292224,642593024,212930256,397795008,22733000,4.445662,11.301,1.346,1695165952,1185229000,3626126000,35034000,,2.671,0.858,134.537,0.4637,1.6,0.03543,1.12493,0.1081
UWMC,UWM Holdings Corporation,1.13,1815866496,13302065,16457540,1.16,1.1,1.2,1.13,-0.07,-5.833337,1.2,2026-10-07,,,1.867,345098878,,-0.11,Financial Services,Mortgage Finance,"UWM Holdings Corporation engages in the origination, sale, and servicing residential mortgage lending in the United States. The company offers mortgage loans through wholesale channel. It originates primarily conforming and government loans. The company was founded in 1986 and is headquartered in Pontiac, Michigan.",NYQ,Mr. Mathew R. Ishbia,United States,,false,false,true,https://www.uwm.com,,USD,9100,Pontiac,MI,800 981 8898,585 South Boulevard East,0,2026-10-07T23:40:34+00:00,2026-10-07T23:40:34+00:00,Equity,-0.0768,0.01845,1,-1.11037,-0.0127,-0.706,,2925762048,528854016,-207533632,-37143000,50363000,2.890026,31.379,5.672,15894791168,199517000,16928676000,538331008,,1.783,0.125,1613.18,1.4815,,0.06044,0.85987,0.2479
FNF,"Fidelity National Financial, Inc.",39.02,10464884736,3103778,2072940,38.689999,37.880001,39.18,39.02,-0.060001,-0.153535,39.080002,2026-10-07,,,0.988,268192827,13.548611,2.88,Financial Services,Insurance - Specialty,"Fidelity National Financial, Inc., together with its subsidiaries, provides various insurance products in the United States. It operates through Title, F&G, and Corporate and Other segments. The company offers title insurance, escrow, and other title related services, including trust activities, trustee sales guarantees, recordings and reconveyances, and home warranty products. It also provides technology and transaction services to the real estate and mortgage industries; and mortgage transaction services, including title-related services and facilitation of production and management of mortgage loans. In addition, the company offers annuity and life insurance products, such as deferred and immediate annuities, as well as indexed universal life insurance products; and funding agreements and pension risk transfer (PRT) solutions. Further, it engages in the real estate brokerage business. Fidelity National Financial, Inc. was incorporated in 2005 and is headquartered in Jacksonville, Florida.",NYQ,Mr. Michael Joseph Nolan,United States,,false,false,true,https://www.fnf.com,,USD,24535,Jacksonville,FL,904 854 8100,601 Riverside Avenue,5.32,2026-10-07T23:40:35+00:00,2026-10-07T23:40:35+00:00,Equity,0.10211,0.01231,0.54046,0.10666,0.05029,0.105,0.058,15349999616,2408999936,3589125120,772000000,88000000,1.403093,5.225,0.82,4783000064,7424000000,109014000000,4016999936,,0.94,0.145,54.297,0.7153,0.85,0.05739,0.84741,0.0466
Z,"Zillow Group, Inc.",27.280001,6134588928,2822928,3753479,27.58,26.955,27.66,27.280001,-0.42,-1.516246,27.700001,2026-10-07,,,2.021,177255435,118.608696,0.23,Communication Services,Internet Content & Information,"Zillow Group, Inc. operates a real estate application and website that connects consumers with technology, agents and loan officers, and digital solutions in the United States. The company operates through four categories: Residential, Mortgages, Rentals, and Other. The Residential segment includes agent and software, as well as new construction marketing solutions and StreetEasy for sale products. This segment also offers advertising and marketing solutions for real estate agents, premier agent, SaaS customer relationship management, real estate transaction management, appointment center, and enhanced listing services. The Rentals segment includes advertising and a suite of tools for property managers, landlords, and other rental professionals, as well as rental applications. The Mortgages segment provides mortgage originations through Zillow Home Loans and advertising to mortgage lenders and other mortgage professionals; and title and escrow services. The company also generates revenue from display advertising. It also offers a brand portfolio including Zillow, Zillow Premier Agent, Zillow Rentals, Zillow New Construction, Trulia, StreetEasy, Out East, HotPads, Follow Up Boss, ShowingTime, dotloop and Zillow Closing; and a suite of marketing software and technology solutions for the real estate industry. Zillow Group, Inc. was founded in 2004 and is headquartered in Seattle, Washington.",NMS,Mr. Richard N. Barton,United States,,false,false,true,https://www.zillow.com,,USD,7232,Seattle,WA,206-470-7000,1301 Second Avenue,0,2026-10-07T23:40:37+00:00,2026-10-07T23:40:37+00:00,Equity,0.01215,0.00886,0.72883,0.04663,0.01957,0.179,,2809999872,175000000,244250000,55000000,390000000,1.423948,34.255,2.133,558000000,4884000000,5685000000,698000000,,1.922,1.291,12.953,0,0.93,0.05527,0.97609,0.0781
CSGP,"CoStar Group, Inc.",27.6,11183454208,4949224,6902557,27.77,27.174999,27.865,27.6,-0.029999,-0.108573,27.629999,2026-10-07,,,0.796,405197588,153.33333,0.18,Real Estate,Real Estate Services,"CoStar Group, Inc. provides information, analytics, and online marketplace services to real estate and related business communities in the United States, Australia, Canada, Europe, the Asia Pacific, and Latin America. It offers CoStar Property that provides inventory of office, industrial, retail, multifamily, hospitality, and student housing, and land properties; CoStar Leasing, a data on lease transactions and tools to manage user-entered lease data; CoStar Sales, a database of commercial real estate sales transactions; CoStar Owners provides detailed portfolio information; CoStar Markets to view and report on market and submarket trends; and CoStar Tenant that provides tenant information. The company also provides hospitality benchmarking that allows hotels to measure performance against competitors; Debt Solutions, a tool for lenders to manage loan portfolios and risk; and real estate and lease management technology solutions, such as lease administration, lease accounting, and transaction management services. In addition, it offers Apartamentos.com, an apartment marketing sites; LoopNet.com, a commercial property marketing sites; Homes.com, a home for sale listings site; Ten-X, an online auction platform for commercial real estate; Land.com, a marketplace for rural land sales; and BizBuySell.com, a marketplace for operating businesses and franchises for sale. It serves sales, leasing, and mortgage brokers; property, real estate investment trust, insurance companies, and asset managers; and government agencies, property owners, mortgage-backed security issuers, appraisers, design and construction professionals, pension fund managers, real estate developers, reporters tenant vendors, bankers, building services vendors, mortgage bankers, communications providers, retailers, institutional advisors, hospitality owners, investors, and real estate agents. The company was founded in 1986 and is headquartered in Arlington, Virginia.",NMS,Mr. Andrew C. Florance,United States,,false,false,true,https://www.costargroup.com,,USD,8441,Arlington,VA,202 346 6500,1201 Wilson Blvd,0,2026-10-07T23:40:38+00:00,2026-10-07T23:40:38+00:00,Equity,0.00894,0.00466,0.78684,0.08216,0.02081,0.184,12.61,3556000000,394000000,412700000,74000000,194000000,1.408523,28.136,3.117,1155000064,8334000000,10538000000,1266000000,,2.214,2.064,14.537,0,0.1054,0.00755,1.04725,0.0369
ILMN,"Illumina, Inc.",267.76001,40431763456,2948626,2659537,271.609985,260.450012,276.200012,267.76001,-5.779999,-2.113036,273.540009,2026-10-07,,,1.416,151000000,49.955223,5.36,Healthcare,Diagnostics & Research,"Illumina, Inc. provides sequencing- and array-based solutions for genetic and genomic analysis in the Americas, Europe, Greater China, the Asia Pacific, the Middle East, and Africa. The company offers sequencing- and array-based instruments and consumables, which include reagents, flow cells, and library preparation; whole-genome sequencing kits, which sequence entire genomes of various size and complexity; and targeted resequencing kits, which sequence exomes, specific genes, and RNA or other genomic regions of interest. It also provides whole-genome sequencing, genotyping, noninvasive prenatal testing, and product support services. The company serves genomic research centers, academic institutions, government laboratories, and hospitals, as well as pharmaceutical, biotechnology, commercial molecular diagnostic laboratories, and consumer genomics companies. The company markets and distributes its products directly to customers, as well as through life-science distributors. The company has a collaboration with Labcorp Holdings Inc. for the development of oncology treatments through applications of sequencing solutions across the healthcare ecosystem; and strategic collaboration with Integrated DNA Technologies to enable a DRAGEN, secondary analysis pipeline for IDT xGena, FFPE and cfDNA next generation sequencing (NGS) library preparation with custom panels, delivering an integrated, end-to-end solution for somatic oncology research. It also has a data partnership with Center for Data-Driven Discovery in Biomedicine to advance research in pediatric cancer and rare disease. Illumina, Inc. was incorporated in 1998 and is headquartered in San Diego, California.",NMS,Mr. Jacob  Thaysen Ph.D.,United States,,false,false,true,https://www.illumina.com,,USD,8600,San Diego,CA,858 202 4500,5200 Illumina Way,0,2026-10-07T23:40:40+00:00,2026-10-07T23:40:40+00:00,Equity,0.32339,0.08666,0.67935,0.21139,0.18336,0.094,-0.094,4494000128,1155000064,797625024,824000000,275000000,14.246343,36.182,9.299,2527000064,2723000000,6644000000,1168000000,,1.796,1.248,89.042,0,3.0533,0.0021,1.06388,0.1147
PACB,"Pacific Biosciences of California, Inc.",2.72,845459648,20291055,9850348,2.62,2.5,2.7397,2.72,0.02,0.74074,2.7,2026-10-07,,,2.194,310830759,,-0.43,Healthcare,Medical Devices,"Pacific Biosciences of California, Inc. designs, develops, and manufactures sequencing solutions to resolve genetically complex problems. The company provides sequencing systems; consumable products, including single molecule real-time (SMRT) technology; long-read sequencing; and various reagent kits designed for specific workflow, such as preparation kit to convert DNA into SMRTbell double-stranded DNA library formats, including molecular biology reagents, such as ligase, buffers, and exonucleases. It also offers binding kits, such as modified DNA polymerase used to bind SMRTbell libraries to the polymerase in preparation for sequencing; and sequencing kits comprise reagents required for on-instrument, real-time sequencing, including the phospholinked nucleotides. In addition, the company provides Revio, Vega, and Sequel instruments which conduct, monitor, and analyze single-molecule biochemical reactions on SMRT cell microchips; short-read sequencing; and onso instrument. It serves academic and governmental research institutions, commercial testing and service laboratories, genome centers, public health labs, hospitals and clinical research institutes, contract research organizations, pharmaceutical companies, and agricultural companies. The company markets its products through a sales force and distribution partners in Australia, certain parts of Asia, Europe, the Middle East, Africa, Central America, and South America. It has a collaboration with DNAstack Inc. to provide federated dataset of HiFi whole genome sequencing data. The company was formerly known as Nanofluidics, Inc. and changed its name to Pacific Biosciences of California, Inc. in 2005. Pacific Biosciences of California, Inc. was incorporated in 2000 and is headquartered in Menlo Park, California.",NMS,Mr. Mark  Van Oene Ph.D.,United States,,false,false,true,https://www.pacb.com,,USD,485,Menlo Park,CA,650 521 8000,1305 O’Brien Drive,0,2026-10-07T23:40:41+00:00,2026-10-07T23:40:41+00:00,Equity,-9.29318,-0.1407,0.29424,-1.14364,-0.82493,-0.019,,159271008,199176000,291644736,-131387000,41668000,-25.42056,6.616,8.273,709126976,5349000,784083000,236872992,,4.922,3.895,,0,,0.0891,0.55485,0.1808
NTLA,"Intellia Therapeutics, Inc.",11.71,1640883584,8271010,4083775,12.11,11.7,12.4099,11.71,-0.66,-5.335488,12.37,2026-10-07,,,1.801,140126693,,-3.35,Healthcare,Biotechnology,"Intellia Therapeutics, Inc. operates as a clinical-stage genome editing company focused on developing potentially curative therapeutics using CRISPR/Cas9-based technologies. The company offers clustered, regularly interspaced short palindromic repeats (CRISPR)/CRISPR associated 9 (Cas9) technology for genome editing. The company provides a modular platform, to advance in vivo and ex vivo therapies for diseases. The company's in vivo product candidates include nexiguran ziclumeran, or NTLA-2001 for the treatment of transthyretin amyloidosis; and NTLA-2002 for the treatment of hereditary angioedema. Additionally, it offers product candidates for the treatment of immuno-oncology and autoimmune diseases, and multiple in vivo programs to address diseases with significant unmet medical need by delivering gene editing therapeutics to organs outside the liver. The company has license and collaboration agreement with AvenCell Therapeutics, Inc. to develop allogeneic universal CAR-T cell therapies; Kyverna Therapeutics, Inc. for the development of an allogeneic CD19 CAR-T cell therapy for the treatment of various of B cell-mediated autoimmune diseases; ONK Therapeutics, Ltd. for the development of engineered NK cell therapies to cure patients with cancer; and ReCode Therapeutics, Inc. to develop novel genomic medicines for the treatment of cystic fibrosis. It also has collaboration agreements with Regeneron Pharmaceuticals, Inc., SparingVision SAS, and Rewrite Therapeutics Inc. The company was formerly known as AZRN, Inc. and changed its name to Intellia Therapeutics, Inc. in July 2014. Intellia Therapeutics, Inc. was incorporated in 2014 and is headquartered in Cambridge, Massachusetts.",NGM,Dr. John M. Leonard M.D.,United States,,false,false,true,https://www.intelliatx.com,,USD,377,Cambridge,MA,857 285 6200,40 Erie Street,0,2026-10-07T23:40:42+00:00,2026-10-07T23:40:42+00:00,Equity,-0.55438,-0.30144,0,-14.72255,0,-0.462,,59506000,-414400000,-249825376,-399975008,80219000,2.253223,-3.08,21.452,73410000,671394000,842127000,437759008,,6.648,5.606,10.088,,,0.03841,0.9996,0.4197
RVTY,"Revvity, Inc.",153.600006,17139672064,2226396,1769003,153.029999,149.360001,156,153.600006,0.300003,0.195697,153.300003,2026-10-07,,,1.064,111586401,73.49283,2.09,Healthcare,Diagnostics & Research,"Revvity, Inc. provides health sciences solutions, technologies, and services. The company offers instruments, reagents, software, subscriptions, detection and imaging technologies, extended warranties, training and services; and instruments, reagents, assay platforms and software products for early detection of common and rare conditions, such as pregnancy and early childhood, as well as infectious disease testing in the diagnostics market. Its products are used for testing and screening genetic abnormalities, disorders, and diseases, including down syndrome, hypothyroidism, muscular dystrophy, infertility, and various metabolic conditions. The company also develops technologies that enable and support genomic workflows using protein coupled receptor and next-generation DNA sequencing for oncology, immunodiagnostics, and drug discovery. It serves pharmaceutical and biotechnology companies, laboratories, academic and research institutions, public health authorities, private healthcare organizations, doctors, and government agencies under the AutoDELFIA, chemagic, Chitas, CNGnome, DELFIA, DELFIA Xpress, EONIS, EUROArray , EUROIMMUN, EUROLabWorkstation, EUROLINE, EUROPattern, Evolution Evoya, GSP, Haoyuan, IDS Immunodiagnosticsystems, IDS-i10, IDS-i10T, IDS-i20, IDS-iSYS, iLab, iQ, LifeCycle, LimsLink, Migele, NeoBase, NeoLSD, NEXTFLEX, Panthera Puncher, PreNAT II, Prime, RONIA, SimplicityChrom, Specimen Gate, Superflex, Symbio, T-SPOT, Vanadis, ViaCord, VICTOR2, and WholePanel brand names, as well as under the Accell, AlphaLISA, AlphaPlex, AlphaScreen, Alpha SureFire, AssayMate, BIOCHIPs, BioLegend, Bioo Scientific, BioQule, Brilliant Violet, Ce3D, CellCarrier, Cellaca, Celigo, Cellometer, cell::explorer, Cell-Vive, Chalice, ChemDraw, CHOSOURCE, Dharmacon, and DharmaFECT brand names. The company was formerly known as PerkinElmer, Inc. and changed its name to Revvity, Inc. in April 2023. Revvity, Inc. was founded in 1937 and is headquartered in Waltham, Massachusetts.",NYQ,Dr. Prahlad R. Singh Ph.D.,United States,,false,false,true,https://www.revvity.com,,USD,11000,Waltham,MA,781 663 6900,77 4th Avenue,0.18,2026-10-07T23:40:43+00:00,2026-10-07T23:40:43+00:00,Equity,0.03211,0.02374,0.54976,0.17053,0.08158,0.013,0.012,2911811072,875832000,604992128,237366000,22847000,2.370993,22.217,6.683,3341516032,7250360000,12168411000,1022942976,,1.8,1.357,46.225,0.134,0.7337,0.00261,0.96608,0.0835
MRNA,"Moderna, Inc.",196.479996,78441865216,14597511,17312209,183.009995,182.511993,197.649994,196.479996,9.019989,4.811687,187.460007,2026-10-07,,,1.095,399235889,,-7.98,Healthcare,Biotechnology,"Moderna, Inc., a biotechnology company, provides messenger RNA medicines in the United States, Europe, and internationally. The company's respiratory vaccines include spikevax, mNEXSPIKE, mRESVIA, COVID, RSV, seasonal influenza, combination, and pandemic influenza vaccine; latent vaccines comprise cytomegalovirus, epstein-barr virus, and human immunodeficiency virus vaccines; enteric viruses include norovirus; public health vaccines consist of Zika, Nipah, and Mpox vaccines; and bacterial diseases vaccines, such as lyme vaccines. It also provides oncology therapeutics, such as intismeran autogene, cancer antigen therapy, t-cell engager, and cell therapy enhancer; and rare disease products, including propionic and methylmalonic acidemia, and cystic fibrosis. It has strategic alliances and collaborations with Merck & Co., Inc; Vertex Pharmaceuticals Incorporated; Vertex Pharmaceuticals (Europe) Limited; immatics N.V.; Defense Advanced Research Projects Agency; Biomedical Advanced Research and Development Authority; Institute for Life Changing Medicines; The Bill & Melinda Gates Foundation; and OpenAI. The company was formerly known as Moderna Therapeutics, Inc. and changed its name to Moderna, Inc. in August 2018. Moderna, Inc. was founded in 2010 and is headquartered in Cambridge, Massachusetts.",NMS,Mr. Stéphane  Bancel M.B.A.,United States,,false,false,true,https://www.modernatx.com,,USD,4700,Cambridge,MA,617 714 6500,325 Binney Street,0,2026-10-07T23:40:45+00:00,2026-10-07T23:40:45+00:00,Equity,-0.38998,-0.13256,-0.66023,-5.57931,-1.41427,0.021,,2228000000,-2195000064,299249984,-3151000064,483000000,11.595161,-33.982,33.479,1287000064,8650000000,12338000000,5137999872,,2.295,2.068,19.036,0,,0.07337,0.80468,0.1006
BNTX,BioNTech SE,95.25,23927216128,827746,1152059,94.461998,93.919998,97.459999,95.25,-0.480003,-0.501414,95.730003,2026-10-07,,,1.252,251204366,,-7.83,Healthcare,Biotechnology,"BioNTech SE, together with its subsidiaries, engages in the development and commercialization of immunotherapies in Germany. The company offers BNT162, an mRNA vaccine for the treatment of SARS-CoV-2 virus. It also develops oncology drugs under Phase III clinical trial, including Gotistobart for metastatic non-small cell lung cancer, Pumitamig for small cell lung cancer and advanced/metastatic triple-negative breast cancer, and Trastuzumab pamirtecan for metastatic breast cancer and epirubicin and cyclophosphamide; and drugs under Phase 2/3 clinical trial, such as BNT113 for human papillomavirus and head and neck squamous cell carcinoma, as well as Pumitamig for metastatic colorectal and non-small cell lung cancer. In addition, the company engages in the development of oncology drugs under Phase II clinical trial comprising BNT116 for advance non-small cell lung cancer, BNT326/YL202 for multiple solid tumors and advanced/metastatic breast cancer, Autogene cevumeran for advance colorectal cancer, and Gotistobart for platinum-resistant ovarian cancer, as well as Pumitamig for glioblastoma, hepatocellular carcinoma, malignant pleural mesothelioma, neuroendocrine neoplasms, and metastatic pancreatic ductal adenocarcinoma. Further, it develops BNT166 which is Phase II clinical trial for mpox virus; and infectious diseases drugs under Phase 1/2 clinical trial, which include BNT162 + BNT161 for SARS-CoV-2 and influenza, BNT164 for tuberculosis, BNT165 for malaria, and BNT166 for mpox. The company was incorporated in 2008 and is headquartered in Mainz, Germany.",NMS,Dr. Ugur  Sahin M.D.,Germany,,false,false,true,https://www.biontech.de,,USD,7807,Mainz,,49 6131 9084,An der Goldgrube 12,0,2026-10-07T23:40:46+00:00,2026-10-07T23:40:46+00:00,Equity,-0.09301,-0.0541,0.76623,-8.06629,-0.63638,-0.595,,2649999872,-1380800000,-249562496,-1686400000,106200000,1.197405,-7.807,4.068,316100000,19224200000,21988600000,13463900160,,7.848,7.033,1.78,0,0.05,0.57241,0.20453,0.0348
BIIB,Biogen Inc.,222.149994,32823549952,1298117,1076857,222.929993,221.399994,228,222.149994,-0.740005,-0.332005,222.889999,2026-10-07,,,0.092,147753998,39.598927,5.61,Healthcare,Drug Manufacturers - General,"Biogen Inc. discovers, develops, manufactures, and delivers therapies in the United States, Europe, Germany, Asia, and internationally. The company provides TECFIDERA, VUMERITY, AVONEX, PLEGRIDY, and TYSABRI for multiple sclerosis (MS); SPINRAZA for spinal muscular atrophy; SKYCLARYS to treat Friedreich's Ataxia; QALSODY for treating amyotrophic lateral sclerosis; FUMADERM to treat plaque psoriasis; BENEPALI, an etanercept biosimilar referencing ENBREL; IMRALDI, an adalimumab biosimilar referencing HUMIRA; FLIXABI, an infliximab biosimilar referencing REMICADE. It offers LEQEMBI for the treatment of Alzheimer's disease; ZURZUVAE for the treatment of postpartum depression; RITUXAN to treat non-Hodgkin's lymphoma, chronic lymphocytic leukemia (CLL), rheumatoid arthritis, two forms of ANCA-associated vasculitis, and pemphigus vulgaris; RITUXAN HYCELA for non-Hodgkin's lymphoma and CLL; GAZYVA to treat CLL and follicular lymphoma; OCREVUS for relapsing MS and primary progressive MS; LUNSUMIO to treat relapsed or refractory follicular lymphoma; glofitamab for aRelapsed or refractory diffuse large B-cell lymphoma; and other anti-CD20 therapies. Biogen Inc. has collaboration and license agreements with Merz Therapeutics; Alkermes Pharma Ireland Limited; Denali Therapeutics Inc.; UCB; Eisai Co., Ltd.; Genentech, Inc.; Neurimmune SubOne AG; Ionis Pharmaceuticals, Inc.; Samsung Bioepis; and Sage Therapeutics, Inc., as well as collaborations with Stoke Therapeutics, Inc. for the development and commercialization of zorevunersen, a disease modifying medicine for the treatment of Dravet syndrome; Dayra Therapeutics, Inc. to develop oral macrocyclic peptides; Vanqua Bio, Inc. for developing Vanqua's preclinical oral C5aR1 antagonist compound; City Therapeutics, Inc. to develop select novel RNAi therapies; and ALTEOGEN Inc. to develop subcutaneous (SC) formulations of biologics utilizing ALT-B4. The company was founded in 1978 and is headquartered in Cambridge, Massachusetts.",NMS,Mr. Christopher A. Viehbacher,United States,,false,false,true,https://www.biogen.com,,USD,7500,Cambridge,MA,617 679 2000,225 Binney Street,0,2026-10-07T23:40:47+00:00,2026-10-07T23:40:47+00:00,Equity,0.04575,0.05206,0.78322,0.25058,0.08323,0.034,-0.848,10027899904,3359200000,1266987520,834600000,290800000,1.740851,11.876,3.978,8355100160,18256800000,29439500000,1284999936,,1.865,0.94,44.329,0,2.3453,0.00188,0.99527,0.0439
INCY,Incyte Corporation,113.440002,22994032640,1274487,1629415,112.82,112.82,115.489998,113.440002,0.709999,0.629823,112.730003,2026-10-07,,,0.739,202697746,14.450956,7.85,Healthcare,Biotechnology,"Incyte Corporation, a biopharmaceutical company, engages in the discovery, development, and commercialization of therapeutics in the United States, Europe, Canada, and Japan. The company offers JAKAFI for the treatment of myelofibrosis (MF), polycythemia vera, and steroid-refractory acute graft-versus-host disease; ICLUSIG, a kinase inhibitor to treat chronic myeloid leukemia and Philadelphia-chromosome positive acute lymphoblastic leukemia; MONJUVI/ MINJUVI for the treatment of diffuse large B-cell lymphoma and Follicular Lymphoma; NIKTIMVO for the treatment of chronic graft-versus-host disease. It also provides INCA033989 for the treatment of essential thrombocythemia and MF;  INCA035784 for the treatment of anti-mutant calreticulin and myeloproliferative neoplasms (MPNs); INCB160058 for the treatment of MPNs; PEMAZYRE, a selective fibroblast growth factor receptor kinase inhibitor for the treatment of unresectable biliary tract cancer, metastatic cholangiocarcinoma, and myeloid/lymphoid neoplasms; ZYNYZ to treat adults with metastatic or recurrent locally advanced Merkel cell carcinoma. The company's clinical stage products include INCB123667 for ovarian cancer; INCB161734 for solid tumors; INCA33890 for cancers; Ruxolitinib cream for atopic dermatitis, hidradenitis suppurativa (HS), and prurigo nodularis; Povorcitinib for HS, nonsegmental vitiligo, prurigo nodularis, and asthma; and INCB00928 for the treatment of fibrodysplasia ossificans progressive. It has collaboration and license agreement with Novartis, Lilly, and Syndax. The company sells its products to specialty and retail pharmacies, hospital pharmacies, and distributors. The company was formerly known as Incyte Genomics Inc and changed its name to Incyte Corporation in March 2003. Incyte Corporation was incorporated in 1991 and is headquartered in Wilmington, Delaware.",NMS,Mr. William J. Meury,United States,,false,false,true,https://www.incyte.com,,USD,2844,Wilmington,DE,302 498 6700,1801 Augustine Cut-Off,0,2026-10-07T23:40:48+00:00,2026-10-07T23:40:48+00:00,Equity,0.30667,0.16832,0.55659,0.41899,0.27706,0.377,0.377,5819530240,1942312960,1180664576,1612382976,249346000,3.593512,9.523,3.178,38267000,5167478000,6957973000,4535739904,,4.593,4.314,0.603,0,10.8221,0.01845,1.03388,0.0839
BMRN,BioMarin Pharmaceutical Inc.,55.200001,10685272064,2078880,2002589,56.099998,54.759998,56.599998,55.200001,-1.02,-1.814302,56.220001,2026-10-07,,,0.215,193573759,149.1892,0.37,Healthcare,Biotechnology,"BioMarin Pharmaceutical Inc., a biotechnology company, engages in the development and commercialization of therapies for life-threatening rare diseases and medical conditions in the United States, Europe, Latin America, the Middle East, the Asia Pacific, and internationally. The company's products include VIMIZIM, an enzyme replacement therapy for the treatment of mucopolysaccharidosis (MPS) IV type A, a lysosomal storage disorder; VOXZOGO, a once daily injection analog of c-type natriuretic peptide (CNP) for the treatment of achondroplasia; NAGLAZYME, a recombinant form of N- acetylgalactosamine 4-sulfatase for patients with MPS VI; and PALYNZIQ, a PEGylated recombinant phenylalanine (Phe) ammonia lyase enzyme delivered through subcutaneous injection to reduce blood Phe concentrations. It also develops BRINEURA, a recombinant human tripeptidyl peptidase 1 for the treatment of patients with ceroid lipofuscinosis type 2, a form of Batten disease; ALDURAZYME, a purified protein designed to be identical to a naturally occurring form of the human enzyme alpha-L-iduronidase; and KUVAN, a proprietary synthetic oral form of 6R-BH4 that is used to treat patients with phenylketonuria, an inherited metabolic disease. The company's products under development include BMN 333, a longer-acting CNP for the treatment of multiple growth disorders, such as achondroplasia and hypochondroplasia; and BMN 351, an oligonucleotide for the treatment of duchenne muscular dystrophy. It serves specialty pharmacies, hospitals, non-U.S. government agencies, distributors, and pharmaceutical wholesalers. The company has license and collaboration agreements with and Ares Trading S.A. The company was incorporated in 1996 and is based in San Rafael, California.",NMS,Mr. Alexander  Hardy,United States,,false,false,true,https://www.biomarin.com,,USD,3221,San Rafael,CA,415 506 6700,770 Lindaro Street,0,2026-10-07T23:40:49+00:00,2026-10-07T23:40:49+00:00,Equity,0.01182,0.03257,0.50968,0.21162,0.02142,0.199,-0.813,3406614016,645318976,85157376,72972000,181409000,1.689934,21.716,4.114,4202200064,6086999000,7594022000,874004992,,2.387,1.163,66.473,0,0.3642,0.0034,1.03529,0.0522
ALNY,"Alnylam Pharmaceuticals, Inc.",224.410004,30028105728,1064035,1839964,224.389999,222.460007,230.419998,224.410004,0.470001,0.209878,223.940002,2026-10-07,,,0.269,133809118,37.84317,5.93,Healthcare,Biotechnology,"Alnylam Pharmaceuticals, Inc. discovers, develops, manufactures, and commercializes therapeutics based on ribonucleic acid interference in the United States, Europe, and internationally. The company offers ONPATTRO for hereditary transthyretin-mediated (hATTR) amyloidosis; AMVUTTRA for ATTR and hATTR amyloidosis; Leqvio for hypercholesterolemia; Qfitlia for hemophilia A or B; GIVLAARI for acute hepatic porphyria; and OXLUMO for primary hyperoxaluria type 1. It also develops a range of products in Phase 3 trial, such as Nucresiran for ATTR amyloidosis; Zilebesiran for hypertension; Cemdisiran for myasthenia gravis, paroxysmal nocturnal hemoglobinuria, and geographic atrophy; and Elebsiran for hepatitis D virus infections. In addition, the company is developing various products in Phase 2 trial, including Rapirosiran for metabolic dysfunction-associated steatohepatitis; ALN-ANG3 for diabetic kidney disease; ALN-4324 for type 2 diabetes mellitus; Mivelsiran for cerebral amyloid angiopathy, as well as in Phase 1 trial for Alzheimer's disease; and ALN-6400 for bleeding disorders. Further, it develops a range of products in Phase 1 trial, such as ALN-2232 for obesity and weight management; ALN-PNP for non-alcoholic fatty liver disease; ALN-APOC3 for dyslipidemia; ALN-CIDEB for metabolic dysfunction-associated steatohepatitis; ALN-HTT02 for Huntington's disease; ALN-5288 for Alzheimer's disease; ALN-SOD for SOD1 amyotrophic lateral sclerosis; ALN-SNCA for Parkinson's disease; AG-236 for polycythemia vera; ALN-CFB for paroxysmal nocturnal hemoglobinuria; ALN-BCAT for hepatocellular carcinoma; and ALN-4285, ALN-4915, and ALN-F1202 for healthy volunteers. The company has collaborations with Regeneron Pharmaceuticals, Inc.; Roche Holding AG; Sanofi S.A.; Novartis AG; PeptiDream, Inc; Dicerna Pharmaceuticals, Inc.; and Ionis Pharmaceuticals, Inc. Alnylam Pharmaceuticals, Inc. was founded in 2002 and is headquartered in Cambridge, Massachusetts.",NMS,"Dr. Yvonne L. Greenstreet M.B.A., M.D.",United States,,false,false,true,https://www.alnylam.com,,USD,2500,Cambridge,MA,617 551 8200,675 West Kendall Street,0,2026-10-07T23:40:50+00:00,2026-10-07T23:40:50+00:00,Equity,0.96555,0.12343,0.79654,0.17928,0.16126,0.669,,4804182016,1054537984,271544256,774710976,348235000,22.163952,28.171,6.184,2987489024,789176000,4966331000,3308146944,,3.055,2.791,220.623,0,0.3248,0.00184,1.01651,0.0716
CRSP,CRISPR Therapeutics AG,52.349998,5061860352,1678371,1586643,53,52.27,54.59,52.349998,-1.650002,-3.055558,54,2026-10-07,,,1.759,96692653,,-4.74,Healthcare,Biotechnology,"CRISPR Therapeutics AG, a gene editing company, focuses on developing gene-based medicines for serious human diseases using its Clustered Regularly Interspaced Short Palindromic Repeats (CRISPR)/CRISPR-associated protein 9 (Cas9) platform. The company's CRISPR/Cas9 is a technology for gene editing which is the process of precisely altering specific sequences of genomic DNA. It has a portfolio of therapeutic programs across a range of disease areas, including hemoglobinopathies, CAR T cell therapies, in vivo, and type 1 diabetes, as well as develops investigational CAR T programs, including an autologous, gene-edited CAR T program targeting allogeneic chimeric antigen receptor T cell for autoimmune indications and oncology. The company's lead product candidate is CASGEVY, an ex vivo CRISPR/Cas9 gene-edited cell therapy for treating patients suffering from transfusion-dependent beta-thalassemia, severe sickle cell disease (SCD), and hemoglobinopathies in which a patient's hematopoietic stem and progenitor cells are edited to produce high levels of fetal hemoglobin in red blood cells. It also develops CAR T cell therapies, including CTX112 targeting cluster of differentiation 19 (CD19) and CTX131 targeting CD70 for oncology and autoimmune indications; CTX310 and CTX320, in vivo gene editing to address the cardiovascular disease by disrupting the validated targets angiopoietin-like protein 3 and lipoprotein; and CTX211, an allogeneic, gene-edited, hypoimmune stem cell-derived product candidate for the treatment of T1D. It has strategic partnerships with Vertex Pharmaceuticals Incorporated. CRISPR Therapeutics AG was incorporated in 2013 and is headquartered in Zug, Switzerland.",NGM,Dr. Samarth  Kulkarni Ph.D.,Switzerland,,false,false,true,https://www.crisprtx.com,,USD,,Zug,,41 41 561 32 77,Baarerstrasse 14,0,2026-10-07T23:40:51+00:00,2026-10-07T23:40:51+00:00,Equity,-0.26095,-0.14204,0,-11.27551,0,10.414,,13392000,-513174016,-215845872,-451139008,72499000,2.897227,-6.784,259.95,783747968,1921813000,2265243000,2364352000,,17.847,17.791,44.874,0,,0.0589,0.78286,0.2258
BEAM,Beam Therapeutics Inc.,24.77,2558435584,2342234,1940617,24.639999,24.450001,25.370001,24.77,-0.459999,-1.823223,25.23,2026-10-07,,,2.201,103287665,,-0.68,Healthcare,Biotechnology,"Beam Therapeutics Inc., a biotechnology company, engages in the development of precision genetic medicines for patients suffering from serious diseases in the United States. Its programs in hematology and genetic disease portfolio include Ristoglogene autogetemcel, a patient-specific, autologous hematopoietic stem cell (HSC) therapy for the treatment of sickle cell disease; BEAM-302, a liver-targeting lipid nanoparticle (LNP) for the treatment of severe alpha-1 antitrypsin deficiency; BEAM-304, a liver-targeting LNP for the treatment of phenylketonuria; and BEAM-301, a liver-targeting LNP formulation for the treatment of glycogen storage disease type 1a. The company also develops the ESCAPE platform, which combines antibody-based conditioning with multiplex gene edited HSCs. In addition, it develops BEAM-103, an anti-CD117 monoclonal antibody that enables ESCAPE. The company has research collaboration agreement with Pfizer Inc., focusing on in vivo base editing programs for targets rare genetic diseases of the liver, muscle, and central nervous system; Verve Therapeutics, Inc., for cardiovascular disease treatments; and Orbital Therapeutics to design RNA for the prevention, treatment, or diagnosis of human disease. Beam Therapeutics Inc. was incorporated in 2017 and is based in Cambridge, Massachusetts.",NMS,Mr. John M. Evans M.B.A.,United States,,false,false,true,https://beamtx.com,,USD,540,Cambridge,MA,857 327 8775,238 Main Street,0,2026-10-07T23:40:52+00:00,2026-10-07T23:40:52+00:00,Equity,-0.08184,-0.17013,-1.61905,-258.27142,-0.55449,-0.942,,156035008,-355780992,-241844000,-86520000,94244000,2.318203,-4.412,10.059,247358000,1238358000,1481177000,1152926976,,14.572,14.254,23.173,,,0.01204,1.0792,0.3875
EDIT,"Editas Medicine, Inc.",2.75,422345088,2264665,2475889,2.71,2.659,2.845,2.75,0.02,0.7326,2.73,2026-10-07,,,2,153580035,,-0.68,Healthcare,Biotechnology,"Editas Medicine, Inc., a clinical stage genome editing company, focuses on developing transformative genomic medicines to treat a range of serious diseases. The company develops a proprietary gene editing platform based on CRISPR technology. Its lead program is EDIT-401, a one-time therapy designed to reduce LDL cholesterol through the upregulation of the LDL receptor to treat hyperlipidemia. The company also develops therapies to treat Sickle cell disease and transfusion-dependent beta thalassemia; and in vivo gene editing medicines indicated for other cells and tissues. It has a research collaboration with Juno Therapeutics, Inc. to develop alpha-beta T-cell experimental medicines for the treatment of solid and liquid tumors, and autoimmune disease. The company was formerly known as Gengine, Inc. and changed its name to Editas Medicine, Inc. in November 2013. Editas Medicine, Inc. was incorporated in 2013 and is based in Cambridge, Massachusetts.",NMS,Dr. Gilmore  O'Neill M.D.,United States,,false,false,true,https://www.editasmedicine.com,,USD,87,Cambridge,MA,617 401 9000,11 Hurley Street,0,2026-10-07T23:40:53+00:00,2026-10-07T23:40:53+00:00,Equity,-1.18822,-0.2329,-0.80745,-1.67309,-1.57322,2.323,,47005000,-81035000,-44316000,-73949000,10000000,4.008747,-2.792,4.812,15511000,27288000,186534000,211644992,,3.187,3.133,14.733,,,0.00179,0.79516,0.1954
ICLR,ICON Public Limited Company,164.080002,12659462144,745435,812828,160.929993,157.375,165.220001,164.080002,2.389999,1.478137,161.690002,2026-10-07,,,1.24,77154209,172.71579,0.95,Healthcare,Diagnostics & Research,"ICON Public Limited Company, a clinical research organization, provides outsourced development and commercialization services in Ireland, Europe, the United States, and internationally. The company specializes in the strategic development, management, and analysis of programs that support various stages of the clinical development process from compound selection to Phase I-IV clinical studies. It also provides clinical development services, including all phases of development, peri and post approval, data solutions, and site and patient access services; clinical trial management, consulting, contract staffing, data solutions, and laboratory services; and commercial services comprising clinical development strategy, planning and trial design, full study execution, and post-market commercialization. In addition, the company offers testing services comprising bioanalytical, biomarker, vaccine, good manufacturing practice, and central laboratory services, as well as full-service and functional service partnerships to customers. Further, the company provides adaptive trials, cardiac safety solutions, clinical and scientific operations, consulting and advisory, commercial positioning, decentralized and hybrid clinical trials, early clinical, medical imaging, real world intelligence, site and patient, and strategic solutions. Additionally, it provides therapeutics for cardiovascular, central nervous system, endocrine and metabolic disorders, hepatology, infectious diseases, internal medicine immunology, and oncology. It serves pharmaceutical, biotechnology, and medical device industries, as well as government and public health organizations. ICON Public Limited Company was incorporated in 1989 and is headquartered in Dublin, Ireland.",NMS,Mr. Barry  Balfe,Ireland,,false,false,true,https://www.iconplc.com,,USD,40200,Dublin,,353 1 291 2000,South County Business Park,0,2026-10-07T23:40:54+00:00,2026-10-07T23:40:54+00:00,Equity,0.00286,0.00969,0.23909,0.09412,0.00326,0.012,-0.633,8294416896,523480992,622646656,27043000,102041000,1.349886,29.145,1.839,3525835008,9193384000,16269782000,928385024,,0.953,0.924,37.596,0,0.4979,0.00444,1.08213,0.0385
CRL,"Charles River Laboratories International, Inc.",300.299988,14464768000,1242136,940109,303.380005,294.372498,305.179993,300.299988,-4.660004,-1.52807,304.959991,2026-10-07,,,1.404,48167730,,-4.8,Healthcare,Diagnostics & Research,"Charles River Laboratories International, Inc. provides drug discovery, non-clinical development, and safety testing services in the United States, Europe, Canada, the Asia Pacific, and internationally. The Research Models and Services segment produces and sells rodents, and purpose-bred rats and mice for use by researchers. This segment also provides a range of services to assist its clients in supporting the use of research models in research and screening pre-clinical drug candidates, including genetically engineered models and services, insourcing solutions, and research animal diagnostic services; and engages in development and production of cell therapies. The Discovery and Safety Assessment segment offers in vitro and in vivo discovery services for the discovery, development, and safety testing of novel drugs, molecule compounds, oligonucleotides, and biotherapeutics, and antibodies through delivery of preclinical drug and therapeutic candidates ready for safety assessment; safety assessment services, such as toxicology, pathology, safety pharmacology, bioanalysis, drug metabolism, and pharmacokinetics services; and vivarium space services. The Manufacturing Solutions segment provides in vitro methods for conventional and rapid quality control testing of sterile and non-sterile pharmaceuticals and consumer products; offers specialized testing of biologics that are outsourced by pharmaceutical and biotechnology companies; and contract development and manufacturing products and services. The company has strategic collaborations with Parker Institute for Cancer Immunotherapy and Children's Hospital Los Angeles across its contract development and manufacturing organization; and Medigen Vaccine Biologics Corp for developing next-generation multivalent enterovirus vaccine, enhance global regulatory readiness, and support IND-enabling non-clinical studies. Additionally, it has a strategic alliance with Francis Crick Institute (Crick), Inc. for the development of Ant",NYQ,Ms. Birgit  Girshick,United States,,false,false,true,https://www.criver.com,,USD,18300,Wilmington,MA,781 222 6000,251 Ballardvale Street,0,2026-10-07T23:40:55+00:00,2026-10-07T23:40:55+00:00,Equity,-0.07516,0.04107,0.34585,0.15113,-0.05963,-0.027,,3998987008,849118016,468856000,-238458000,71083000,5.047398,20.288,4.308,3034319104,3164630000,7135422000,192024992,,1.348,0.796,105.047,0,0.1222,0.00474,1.22917,0.054
OPCH,"Option Care Health, Inc.",31.01,4645095424,19345337,3184603,31.01,30.99,31.059999,31.01,0.01,0.032259,31,2026-10-07,,,0.582,149793469,23.492424,1.32,Healthcare,Medical Care Facilities,"Option Care Health, Inc. offers home and alternate site infusion services in the United States. The company provides anti-infective therapy and services; home infusion services to treat heart failure; home parenteral nutrition and enteral nutrition support services for numerous acute and chronic conditions, such as stroke, cancer, and gastrointestinal diseases; immunoglobulin infusion therapies for the treatment of immune deficiencies; and treatments for chronic inflammatory disorders, including crohn's disease, plaque psoriasis, psoriatic arthritis, rheumatoid arthritis, ulcerative colitis, and other chronic inflammatory disorders. It also offers treatments to manage the progression of neurological disorders, such as Duchenne muscular dystrophy, multiple sclerosis, Alzheimer's disease, and other neurological disorder; infusion therapies for bleeding disorders, such as hemophilia and von Willebrand diseases; therapies for women with high-risk pregnancies; and other infusion therapies to treat various conditions, including pain management, chemotherapy, and respiratory medications, as well as nursing services. The company markets its services through patient referrals, including physicians, hospital discharge planners, hospital personnel, health maintenance organizations, and preferred provider organizations. The company is headquartered in Bannockburn, Illinois.",NMS,Mr. John Charles Rademacher,United States,,false,false,true,https://optioncarehealth.com,,USD,8000,Bannockburn,IL,312 940 2443,3000 Lakeside Drive,0,2026-10-07T23:40:56+00:00,2026-10-07T23:40:56+00:00,Equity,0.15999,0.06169,0.19058,0.05903,0.03681,0.019,0.129,5693515776,405094016,256067872,209576000,39956000,3.686401,14.111,1.004,1268078976,1326393000,3455769000,196780992,,1.465,0.91,100.649,0,1.1226,0.0128,1.08829,0.1126
IBB,iShares Biotechnology ETF,203.339996,,1475188,1561056,202,201.130005,205.804993,203.339996,0.23999,0.118164,203.100006,2026-10-07,,,,,25.40313,,,,"The fund generally will invest at least 80% of its assets in the component securities of its underlying index and may invest up to 20% of its assets in certain futures, options and swap contracts, cash and cash equivalents. It is non-diversified.",NGM,,,,true,false,true,,,USD,,,,415-670-2000,,0.16,2026-10-07T23:40:57+00:00,2026-10-07T23:40:57+00:00,Equity,,,,,,,,,,,,,,,,,,11196648448,,0.44,,,,,,,,
ESTC,Elastic N.V.,93.099998,9774688256,945514,2271059,93.82,93.099998,94.650002,93.099998,-1.5,-1.585624,94.599998,2026-10-07,,,1.037,104991280,26.6,3.5,Technology,Software - Application,"Elastic N.V., a search artificial intelligence (AI) company, provides software platforms to run in hybrid, public or private clouds, and multi-cloud environments in the United States and internationally. It primarily offers Elasticsearch Platform, a set of software products that ingest and store data from various sources and formats, as well as performs search, analysis, and visualization on that data. The company also provides Elastic search product a distributed, real-time vector database and analytics engine and data store for all types of data, including textual, numerical, geospatial, structured, and unstructured; Kibana, a user interface, management, and configuration interface for the platforms; Search & AI, a platform with retrieval algorithms and the ability to integrate with large language models; and elastic security, a security solution that provides unified protection to prevent, detect, and respond to threats. In addition, it offers Elastic Observability, a solution that brings unified datastore, including Logs analytics to search, analyze, and visualize petabytes of structured and unstructured logs; infrastructure monitoring to gain visibility across cloud, on-premises, Kubernetes, serverless, and hosts; Application Performance Monitoring to support native production-grade; digital experience monitoring; large language models; and Elastic Cloud, a cloud-based subscription offering such as Elastic Cloud Hosted and Elastic Cloud Serverless. The company was incorporated in 2012 and is based in Amsterdam, the Netherlands.",NYQ,Mr. Ashutosh  Kulkarni,Netherlands,,false,false,true,https://www.elastic.co,,USD,3834,Amsterdam,,,Keizersgracht 281,0,2026-10-07T23:40:59+00:00,2026-10-07T23:40:59+00:00,Equity,0.33122,-0.00573,0.75586,-0.00606,0.20844,0.151,,1802156032,-22268000,504316864,375640000,298435000,7.546405,-400.1,4.944,595774976,1276500000,3152676000,1461042048,,1.81,1.637,45.94,0,1.37,0.11842,0.89301,0.0459
GTLB,GitLab Inc.,51.990002,8662315008,2403535,4739093,51.610001,51.32,52.529999,51.990002,0.360001,0.69727,51.630001,2026-10-07,,,0.989,165500000,,-0.32,Technology,Software - Infrastructure,"GitLab Inc., together with its subsidiaries, develops software for the software development lifecycle in the United States, Europe, and the Asia Pacific. The company provides GitLab, an intelligent orchestration platform for DevSecOps, which is a single application offering the entire software development lifecycle, including software, project plans, code, security scans, compliance checks, and deployment configurations. It also offers the GitLab Duo Agent Platform, which enables intelligent orchestration of teams and AI agents to execute tasks autonomously across planning, development, security, and deployment. This platform combines conversational AI assistance, purpose-built agents for specialized tasks, workflow automation, and enterprise controls. In addition, it offers related training and professional services. The company was formerly known as GitLab B.V. and changed its name to GitLab Inc. in July 2015. GitLab Inc. was founded in 2011 and is based in San Francisco, California.",NMS,Mr. Sytse  Sijbrandij,United States,2021-10-14,false,false,true,https://about.gitlab.com,,USD,2580,San Francisco,CA,650 474 5175,268 Bush Street,0,2026-10-07T23:41:00+00:00,2026-10-07T23:41:00+00:00,Equity,-0.05738,-0.02527,0.859,-0.11545,-0.04993,0.213,,1055166976,-59407000,286033984,-52689000,214951000,9.39635,-125.415,7.061,0,990668000,1722747000,1256985984,,2.408,2.289,,0,,0.02166,0.90079,0.0866
AI,"C3.ai, Inc.",11.23,1805557760,2977243,4950087,11.19,11.18,11.44,11.23,-0.01,-0.08897,11.24,2026-10-07,,,2.095,157279864,,-3.08,Technology,Software - Infrastructure,"C3.ai, Inc. operates as an enterprise artificial intelligence application software company in North America, Europe, the Middle East, Africa, the Asia Pacific, and internationally. It offers C3 agentic AI platform, an application development and runtime environment that enables customers to design, develop, and deploy enterprise AI applications; C3 AI Studio, an integrated development environment in the C3 Agentic AI Platform that enables engineers, data scientists, and business analysts to design, build, test, and deploy AI applications; C3 AI Applications, a portfolio of industry-specific enterprise AI applications that enables the digital transformation of organizations globally; and C3 Generative AI, a library of agentic AI applications to retrieve data, analyze information, surface insights, and orchestrate workflows. The company also provides C3 Code, a solution that enables users to build, configure, and deploy a complete and production-grade Enterprise AI applications automatically, including data pipelines, AI models, business logic, security controls, and user interfaces. It has strategic partnerships with Microsoft, AWS, Google Cloud, McKinsey & Company, and Baker Hughes. The company was formerly known as C3 IoT, Inc. and changed its name to C3.ai, Inc. in June 2019. C3.ai, Inc. was incorporated in 2009 and is headquartered in Redwood City, California.",NYQ,Mr. Thomas M. Siebel,United States,,false,false,true,https://www.c3.ai,,USD,764,Redwood City,CA,650 503 2200,1400 Seaport Boulevard,0,2026-10-07T23:41:01+00:00,2026-10-07T23:41:01+00:00,Equity,-0.59772,-0.31218,0.29093,-1.86291,-1.92103,-0.255,,232382000,-447079008,15887875,-446412000,263715000,2.582797,-2.715,5.224,59465000,653751000,816273000,651068992,,6.155,5.959,8.557,,,0.08108,0.62722,0.2858
PATH,"UiPath, Inc.",13.07,6811501056,22766109,66384285,13.13,12.935,13.21,13.07,-0.030001,-0.229013,13.1,2026-10-07,,,1.01,456464703,19.507462,0.67,Technology,Software - Infrastructure,"UiPath, Inc. provides an automation platform that offers a range of robotic process automation (RPA) solutions primarily in the United States, Romania, the United Kingdom, the Netherlands, and internationally. It offers the UiPath platform, an integrated enterprise software platform that enables AI agents, robots, people, and models to work together in coordinated workflows. The company's UiPath platform includes the UiPath Maestro process orchestration and process intelligence; UiPath agent builder; RPA and API automation; UiPath intelligent xtraction and processing; UiPath test cloud for testing and quality assurance; UiPath packaged and prebuilt agentic solutions; and centralized governance capabilities that apply across automations, AI agents, and manual tasks. It serves the financial services, healthcare, manufacturing, retail, and public sectors. The company was founded in 2005 and is headquartered in New York, New York.",NYQ,Mr. Daniel Solomon Dines,United States,,false,false,true,https://www.uipath.com,,USD,3981,New York,NY,844 432 0455,One Vanderbilt Avenue,0,2026-10-07T23:41:02+00:00,2026-10-07T23:41:02+00:00,Equity,0.20027,0.03664,0.82583,0.08922,0.21031,0.134,22.808,1720857984,184616992,474257632,361915008,290676000,3.494652,30.372,3.258,79760000,2082587000,3179200000,1283990016,,2.387,2.139,4.093,0,0.4777,0.10735,0.90014,0.2574
DUOL,"Duolingo, Inc.",151.720001,7069107712,922471,1148423,146.889999,146.809998,153.550003,151.720001,3.589996,2.423544,148.130005,2026-10-07,,,1.05,40237065,18.019003,8.42,Technology,Software - Application,"Duolingo, Inc. operates as a mobile learning platform in the United States, the United Kingdom, and internationally. The company offers 250 language courses, including Spanish, English, French, German, Italian, Portuguese, Japanese, and Chinese through its Duolingo app. It also provides a digital English language proficiency assessment exam. The company was incorporated in 2011 and is headquartered in Pittsburgh, Pennsylvania.",NMS,Dr. Luis Alfonso von Ahn Arellano Ph.D.,United States,2021-07-28,false,false,true,https://www.duolingo.com,,USD,900,Pittsburgh,PA,412 567 6602,5900 Penn Avenue,0,2026-10-07T23:41:03+00:00,2026-10-07T23:41:03+00:00,Equity,0.3442,0.05642,0.72717,0.11684,0.35875,0.183,-0.275,1145001984,179031008,300198016,410767008,137437000,5.028503,32.791,5.127,86136000,1347006000,1992182000,1313865984,,2.719,2.509,6.11,0,,0.01498,0.9962,0.1872
CHGG,"Chegg, Inc.",0.739,82049312,574655,1132128,0.7019,0.6844,0.7422,0.739,0.029,4.084513,0.71,2026-10-07,,,2.164,111027482,,-0.48,Consumer Defensive,Education & Training Services,"Chegg, Inc. provides a learning platform helping businesses bring new skills to their workforce and giving lifelong learners and students the skills and confidence to succeed in the United States and internationally. Its subscription services include Chegg Study, which offers personalized step-by-step learning support from AI, computational engines, and subject matter experts; Chegg Writing that provides students with a suite of tools, such as plagiarism detection scans, grammar and writing fluency checking, expert personalized writing feedback, and premium citation generation; Chegg Math provides a computational engine to help them understand and solve math problems; Chegg Study Pack, a bundle of various subscription product offerings, including Chegg Study, Chegg Writing, and Chegg Math services. The company also provides a skills-based learning platform to learn technical skills comprising AI, coding, data analytics, and cybersecurity. In addition, it rents and sells print textbooks and eTextbooks; and offers advertising services. The company serves students and companies through direct marketing channels and social media. Chegg, Inc. was incorporated in 2005 and is headquartered in Santa Clara, California.",NYQ,Mr. Daniel Lee Rosensweig,United States,,false,false,true,https://www.chegg.com,,USD,564,Santa Clara,CA,408 855 5700,3990 Freedom Circle,0,2026-10-07T23:41:04+00:00,2026-10-07T23:41:04+00:00,Equity,-0.38338,0.04736,0.64845,-0.06124,-0.1996,-0.507,,265512000,81255000,50036876,-52997000,31864000,0.6913,0.744,0.228,50719000,119623000,278014000,72314000,,1.169,0.893,42.76,0,0.13,0.03746,0.39682,0.0581
TDOC,"Teladoc Health, Inc.",5.56,1010163136,3622440,4298310,5.76,5.53,5.7608,5.56,-0.21,-3.639515,5.77,2026-10-07,,,2.144,181684021,,-0.99,Healthcare,Health Information Services,"Teladoc Health, Inc. provides virtual healthcare services worldwide. It operates through Teladoc Health Integrated Care and BetterHelp segments. The Integrated Care segment offers virtual medical services, including general medical, expert medical services, specialty medical, chronic condition management, and mental health services, as well as technologies and enterprise telehealth solutions for hospitals and health systems. Its BetterHelp segment operates a mental health platform that provides online counselling and therapy services through websites, mobile applications, phones, and text-based interactions by its licensed clinicians. The company offers its products and services under the Teladoc and BetterHelp brands. It serves employers, health plans, hospitals and health systems, insurance companies, and financial services companies, as well as individual members. The company was formerly known as Teladoc, Inc. and changed its name to Teladoc Health, Inc. in August 2018. Teladoc Health, Inc. was incorporated in 2002 and is headquartered in New York, New York.",NYQ,"Mr. Charles  Divita III, CPA",United States,,false,false,true,https://www.teladochealth.com,,USD,4648,New York,NY,203 635 2002,155 E 44th Street,0,2026-10-07T23:41:05+00:00,2026-10-07T23:41:05+00:00,Equity,-0.12985,-0.03221,0.68966,-0.05684,-0.07126,-0.04,,2489479936,64563000,191039504,-177395008,80414000,0.770937,19.702,0.511,1036206016,1385706000,2858300000,774348032,,0.831,0.728,79.093,,,0.00738,0.86835,0.1528
PARA,"Banzai International, Inc.",0.6102,2751371,532511,409242,0.672,0.5603,0.7,0.6102,-0.0628,-9.331351,0.673,2026-10-07,,,-0.997,4359146,,-8.38,Technology,Software - Application,"Banzai International, Inc., a marketing technology company, provides data-driven marketing and sales solutions for various businesses in the Americas, Europe, the Middle East, Africa, and the Asia Pacific. It operates through three segments: Banzai Operating Co., Inc; OpenReel; and Vidello. The company's software-as-a-service products include OpenReel, an AI-powered video creation platform to remotely record, edit, host, and share videos from any location; CreateStudio, a video animation and editing software for an intuitive drag-and-drop interface; and Vidello, a video hosting and marketing platform designed to help businesses manage, customize, and optimize their video content. It offers Demio, a browser-based webinar platform for businesses to businesses create, host, and manage both live and automated webinars; Boost, an add-on product integrated with Demio that helps customers increase webinar attendance by turning existing registrants into advocates; Reach, a targeted outreach tool that helps customers boost demand generation campaigns by connecting directly with ideal audience; and Curate by Banzai is an AI-driven newsletter platform designed to help brands to grow their audience through automated targeted newsletters. In addition, the company offers Photo Vibrance, transform static images into dynamic visuals; and Twinkle, enhance video content with royalty-free audio. It serves healthcare, financial services, e-commerce, technology, media, and other industries. Banzai International, Inc. was founded in 2015 and is based in Bainbridge Island, Washington.",NCM,Mr. Joseph P. Davy,United States,,false,false,true,https://www.banzai.io,,USD,33,Bainbridge Island,WA,206 414 1777,435 Ericksen Ave NE,0,2026-10-07T23:41:06+00:00,2026-10-07T23:41:06+00:00,Equity,-3.1585,-0.35778,0.81179,-1.92961,-2.28738,-0.273,,10624419,-17672508,-10209488,-24302076,2679231,0.134257,-0.469,0.78,6767000,8055001,31631514,646000,,0.1,0.06,55.331,0,,0.01722,0.02369,0.1421
SONY,Sony Group Corporation,23.52,137320136704,3986731,4382964,23.43,23.27,23.52,23.52,-0.33,-1.383647,23.85,2026-10-07,,,0.814,5838440709,19.438017,1.21,Technology,Consumer Electronics,"Sony Group Corporation develops, designs, produces, manufactures, supplies, and sells electronic equipment, instruments, and devices for consumer, professional, and industrial use in Japan, the United States, Europe, China, the Asia-Pacific, and internationally. The company operates through Game & Network Services, Music, Pictures, Entertainment Technology & Services, and Imaging & Sensing Solutions. It develops, designs, produces, manufactures, provides, and sells smartphones and image sensors; plans, produces, manufactures, and sells music software, performances and merchandise, song lyrics and music management, licensing, animation works, and game applications. The company is also involved in the production, acquisition, sale, and distribution of motion pictures and television programs; operates television networks and direct-to-consumer distribution services; insurance business, including life insurance and non-life insurance; internet banking; production and sale of digital software add-on content; manufacturing and sales of home video game consoles; and interchangeable lens, projectors, and medical equipment. It has a strategic partnership with TCL Electronics Holdings Limited in the home entertainment sector; and a non-binding memorandum of understanding with Taiwan Semiconductor Manufacturing Company Limited for a strategic partnership regarding the development and manufacturing of image sensors. The company was formerly known as Sony Corporation and changed its name to Sony Group Corporation in April 2021. Sony Group Corporation was incorporated in 1946 and is headquartered in Tokyo, Japan.",NYQ,Mr. Kenichiro  Yoshida,Japan,,false,false,true,https://www.sony.com,,USD,94900,Tokyo,,81 3 6748 2111,1-7-1 Konan Minato-ku,0.66,2026-10-07T23:41:07+00:00,2026-10-07T23:41:07+00:00,Equity,0.1316,0.04253,0.32248,0.16721,-0.01746,0.082,0.476,12695775477760,2079234064384,3351335403520,1114027065344,,2.607156,0.118,0.019,1870597980160,8119011000000,15683490000000,2170018988032,,1.245,0.818,21.318,0.1286,1.5394,0.00001,0.08818,0.0021
WMG,Warner Music Group Corp.,28.16,14730770432,2404416,2089043,27.57,27.23,28.26,28.16,0.549999,1.992029,27.610001,2026-10-07,,,1.399,147729456,22.528,1.25,Communication Services,Entertainment,"Warner Music Group Corp. operates as a music entertainment company in the United States, the United Kingdom, Germany, and internationally. It operates through Recorded Music and Music Publishing segments. The company is involved in the discovery and development of recording artists, as well as related marketing, promotion, distribution, sale, and licensing of music created by recording artists; markets its music catalog through compilations and reissuances of previously released music and video titles, as well as previously unreleased materials. It also owns and acquires rights to approximately two million musical compositions comprising pop hits, American standards, folk songs, and motion picture and theatrical compositions, as well as administers the music and soundtracks of various third-party television and film producers and studios. In addition, the company conducts its operation primarily through a collection of record labels, such as Asylum, Big Beat, Canvasback, East West, Erato, FFRR, Nonesuch, Parlophone, Reprise, Sire, Spinnin' Records, and Warner Classics and Warner Records Nashville. Further, it markets, distributes, and sells music and video products to retailers and wholesale distributors; independent labels to retail and wholesale distributors; and various distribution centers and ventures, as well as retail outlets, online physical retailers, streaming services, and download services. Its catalog includes songwriters and composers; and various genres, including pop, rock, jazz, classical, country, R&B, hip-hop, rap, reggae, Latin, folk, alternative, blues, gospel, and other Christian music. The company was founded in 1929 and is headquartered in New York, New York.",NMS,Mr. Robert  Kyncl,United States,2020-06-03,false,false,true,https://www.wmg.com,,USD,5500,New York,NY,212 275 2000,1633 Broadway,2.9,2026-10-07T23:41:09+00:00,2026-10-07T23:41:09+00:00,Equity,0.70074,0.07651,0.45769,0.16738,0.092,0.104,,7304000000,1672000000,382249984,665000000,54000000,17.244335,11.521,2.637,4919000064,647000000,9829000000,618000000,,0.734,0.501,452.947,0.608,0.4866,0.0105,1.11195,0.0839
ROKU,"Roku, Inc.",152.725006,22681288704,1210082,2316548,150.029999,150.029999,153.320007,152.725006,0.665009,0.437333,152.059998,2026-10-07,,,2.052,132140569,64.989365,2.35,Communication Services,Entertainment,"Roku, Inc., together with its subsidiaries, operates a TV streaming platform in the United States and internationally. The company operates in two segments, Platform and Devices. Its streaming platform allows users to find and access TV shows, movies, news, sports, and others, as well as offers digital advertising services. The company also sells streaming players, Roku-branded TVs, smart home products and services, audio products, and related accessories. Roku, Inc. was incorporated in 2002 and is headquartered in San Jose, California.",NMS,Mr. Anthony J. Wood,United States,,false,false,true,https://www.roku.com,,USD,3600,San Jose,CA,408 556 9040,1173 Coleman Avenue,0,2026-10-07T23:41:10+00:00,2026-10-07T23:41:10+00:00,Equity,0.13122,0.0425,0.45504,0.12172,0.06819,0.219,14.429,5209110016,578995968,836552128,355204992,354169000,8.026751,35.552,3.952,474118016,2657945000,4433483000,2557201920,,2.866,2.653,16.792,0,0.5976,0.00651,0.88525,0.0578
IMAX,IMAX Corporation,51.450001,2821626624,1019654,1253821,51.060001,50.5,51.779999,51.450001,0.869999,1.720045,50.580002,2026-10-07,,,0.491,54842114,70.479454,0.73,Communication Services,Entertainment,"IMAX Corporation, together with its subsidiaries, operates as a technology platform for entertainment and events in the United States, Canada, Greater China, rest of Asia, Western Europe, Latin America, and internationally. It operates through Content Solutions; and Technology Products and Services segments. The company offers IMAX film remastering, a proprietary technology that digitally remasters films and other content into IMAX formats for distribution to the IMAX network; IMAX Enhanced, which provides end-to-end technology across streaming content and entertainment devices at home; AI-driven video quality solutions for media and entertainment companies; and streaming technology software products. It also provides preventative and emergency maintenance services, and quality monitoring to the IMAX network; film post-production services; and IMAX film and digital cameras for content creators. In addition, the company engages in the distribution of format documentary films to institutional theaters, as well as live performances and interactive events with artists and creators; after-market sales of IMAX System parts and 3D glasses; sale or lease of IMAX theater systems; provision of management services to theaters; and rental of company's proprietary 2D and 3D large-format film cameras. The company markets its theater systems through a direct sales force and marketing staff to science and natural history museums, zoos, aquariums, and other educational and cultural centers, as well as theme parks, private home theaters, tourist destination sites, fairs, and expositions. It offers its services under the IMAX, IMAX 3D, Experience It In IMAX, The IMAX Experience, DMR, Filmed For IMAX, IMAX Live, IMAX Enhanced, and IMAX StreamSmart. IMAX Corporation was founded in 1967 and is headquartered in Mississauga, Canada.",NYQ,Mr. Richard Lewis Gelfond J.D.,Canada,,false,false,true,https://www.imax.com,,USD,679,Mississauga,ON,905 403 6457,2525 Speakman Drive,0,2026-10-07T23:41:11+00:00,2026-10-07T23:41:11+00:00,Equity,0.11016,0.0665,0.5973,0.22528,0.09835,0.122,0.35,416081984,138216992,109159376,40922000,26824000,7.928803,21.986,7.304,282636992,337891000,894031000,159916992,,4.264,3.796,62.748,0,0.93,0.17925,0.99047,0.1823
CNK,"Cinemark Holdings, Inc.",36.419998,4221509632,1408268,2380751,35.139999,35.529999,36.5,36.419998,1.139999,3.231291,35.279999,2026-10-07,,,1.027,115911855,20.233334,1.8,Communication Services,Entertainment,"Cinemark Holdings, Inc., together with its subsidiaries, engages in the theatrical exhibition business. It operates theatres in the United States and Latin America. Cinemark Holdings, Inc. was founded in 1984 and is headquartered in Plano, Texas.",NYQ,Mr. Sean  Gamble,United States,,false,false,true,https://www.cinemark.com,,USD,8451,Plano,TX,972 665 1000,3900 Dallas Parkway,1.02,2026-10-07T23:41:12+00:00,2026-10-07T23:41:12+00:00,Equity,0.45816,0.05967,0.49416,0.21705,0.0644,0.155,0.886,3363300096,658200000,227587504,214400000,36500000,8.428604,10.099,1.976,2967600128,405200000,4433900000,507600000,,0.845,0.755,587.527,0.1944,1.86,0.11113,1.0805,0.1057
TTD,"The Trade Desk, Inc.",12.09,5716092928,14380236,23382743,11.9,11.62,12.09,12.09,0.17,1.426175,11.92,2026-10-07,,,0.992,429686475,14.566265,0.83,Communication Services,Advertising Agencies,"The Trade Desk, Inc. operates as a technology company in the United States and internationally. The company creates, manages, and optimizes digital advertising campaigns across ad formats, channels and devices, including CTV and other video, display, audio, and native, on a multitude of devices, such televisions, streaming devices, mobile devices, computers and digital-out-of-home devices. It provides data and other value-added services. It serves advertising agencies, advertisers, and other service providers for agencies or advertisers. The Trade Desk, Inc. was incorporated in 2009 and is headquartered in Ventura, California.",NGM,Mr. Jeffrey Terry Green,United States,,false,false,true,https://www.thetradedesk.com,,USD,3843,Ventura,CA,805 585 3434,42 North Chestnut Street,0,2026-10-07T23:41:14+00:00,2026-10-07T23:41:14+00:00,Equity,0.15441,0.06252,0.76872,0.14205,0.13608,0.03,-0.236,2990138112,697982016,582992768,406888000,490627000,2.205399,6.633,1.548,434110016,2484391000,6153220000,1485332992,,1.724,1.677,16.863,0,0.9107,0.02601,0.88857,0.2417
PUBM,"PubMatic, Inc.",18.57,845864576,519667,677707,18.360001,18.280001,18.719999,18.57,0.219999,1.198906,18.35,2026-10-07,,,1.558,37303647,,-0.29,Technology,Software - Application,"PubMatic, Inc., a technology company, engages in the provision of a cloud infrastructure platform that enables real time programmatic advertising transactions for digital content creators, advertisers, agencies, agency trading desks, and demand side platforms worldwide. Its PubMatic SSP, a sell side platform for the purchase and sale of digital advertising inventory for publishers and buyers. The company also provides OpenWrap, a header bidding solution; Connect, a solution that provides additional data and insights to publishers and buyers; Activate, which allows buyers to execute direct deals on its platform across publisher inventory; Convert, a commerce media solution; and Identity Hub, an ID management tool for publishers that leverages specialized technology infrastructure to simplify alternative identifier marketplace. Its platform supports an array of ad formats and digital device types, including mobile app, mobile web, desktop, display, video, over the top video, connected television, and media. The company was incorporated in 2006 and is based in Redwood City, California.",NGM,Mr. Amar K. Goel,United States,2020-12-09,false,false,true,https://www.pubmatic.com,,USD,1030,Redwood City,CA,650 331 3485,601 Marshall Street,0,2026-10-07T23:41:15+00:00,2026-10-07T23:41:15+00:00,Equity,-0.05593,-0.01244,0.6443,0.00737,-0.04662,0.105,,289166016,2440000,60314624,-13480000,38378000,3.53109,307.171,2.592,40907000,262589000,680195000,137507008,,1.274,1.234,17.135,0,4.95,0.01178,0.82524,0.0663
CRTO,Criteo S.A.,14.9,730063616,321718,396098,14.76,14.6201,14.965,14.9,0.099999,0.675672,14.8,2026-10-07,,,,48997559,7.60204,1.96,Communication Services,Advertising Agencies,"Criteo S.A., a technology company, provides platform to connects the commerce ecosystem for brands, agencies, retailers, and media owners to drive measurable business outcomes in North and South America, Europe, the Middle East, Africa, and the Asia-Pacific. It operates in two segments, Retail Media and Performance Media. The Retail Media segment connects brands to shoppers at the digital point of sale through personalized ads that appear on retailer websites and across the open internet. The Performance Media segment encompasses commerce activation, monetization, and services that enable advertisers to reach and convert consumers across channels. It also offers Commerce Max, a suite of retail media demand-side tools that allow brands, agencies, and retailers to plan and buy media across retailer and open internet inventory with closed-loop, product-level measurement, and return-on-ad-spend optimization; Commerce Growth, a solution for continuous customer acquisition and retention for performance marketers and agencies; and GO, an AI-driven solution that automates campaign creation and optimization. In addition, the company provides Commerce Yield, which offers monetization solutions that help retailers and marketplaces maximize the value of their digital assets through inventory and data management, packaging, and in-depth insights; Commerce Grid, a commerce-focused supply side platform for media owner data and inventory monetization; and Criteo Shopper Graph, which derives clients' proprietary commerce data, such as transaction activity on their digital properties. It serves retail, travel and marketplaces, and other commerce companies. Criteo S.A. was incorporated in 2005 and is headquartered in Paris, France.",NMS,Mr. Michael  Komasinski,France,,false,false,true,https://www.criteo.com,,USD,3543,Paris,,33 1 75 85 09 39,32 Rue Blanche,0,2026-10-07T23:41:16+00:00,2026-10-07T23:41:16+00:00,Equity,0.09319,0.05233,0.53602,0.05817,0.05604,-0.113,-0.436,1863453056,285590016,178644256,104431000,57848000,0.641578,2.222,0.341,148187008,1149210000,2201207000,280288000,,1.288,1.203,12.729,0,,0.03411,0.89694,0.0348
OMC,Omnicom Group Inc.,74.870003,20540282880,1803209,2894245,75.040001,74.199997,75.519997,74.870003,-0.229996,-0.306253,75.099998,2026-10-07,,,0.703,274345967,197.02632,0.38,Communication Services,Advertising Agencies,"Omnicom Group Inc., together with its subsidiaries, offers advertising, marketing, and corporate communications services. It provides a range of services in the areas of media and advertising, precision marketing, public relations, healthcare, branding and retail commerce, experiential, execution, and support. The company's services include advertising, branding, content marketing, crisis communications, customer data analytics and data-driven decision making, customer relationship management, decision sciences, digital experience design, digital transformation, e-commerce optimization, entertainment marketing, experiential marketing, field marketing, healthcare marketing and communications, in-store design, investor relations, and marketing research.Its services also comprise media planning and buying, merchandising and point of sale, mobile marketing, multi-cultural marketing, organizational communications, package design, performance marketing, product placement, promotional marketing, public affairs, public relations, retail media and e-commerce, shopper marketing, structured innovation, studio production, social media and influencer marketing, and sports and event marketing. It operates in the North and Latin America, Europe, the Middle East and Africa (EMEA), and the Asia Pacific. The company was incorporated in 1944 and is based in New York, New York.",NYQ,Mr. John D. Wren,United States,,false,false,true,https://www.omc.com,,USD,120000,New York,NY,(212) 415-3600,280 Park Avenue,4.26,2026-10-07T23:41:17+00:00,2026-10-07T23:41:17+00:00,Equity,0.06051,0.05092,0.1896,0.15384,0.01744,0.634,0.588,22371299328,3676499968,4260624896,390200000,100800000,2.125902,8.036,1.321,11411200000,12045800000,54415300000,3336199936,,0.924,0.668,107.744,8.1579,15.97,0.00937,1.10724,0.0957
PUBGY,Publicis Groupe S.A.,26.77,26740131840,5901,239217,26.639999,26.469999,26.809999,26.77,0.210001,0.790666,26.559999,2026-10-07,,,0.636,998884316,14.315508,1.87,Communication Services,Advertising Agencies,"Publicis Groupe S.A., together with its subsidiaries, provides marketing, communications, and digital business transformation services in North America, Europe, the Asia Pacific, Latin America, Africa, and the Middle East, and internationally. The company offers power of one, publicis communications; publicis sapient; publicis media; publicis health; and other services. Publicis Groupe S.A. was founded in 1926 and is headquartered in Paris, France.",OQX,Mr. Arthur  Sadoun,France,,false,false,true,https://www.publicisgroupe.com,,USD,115782,Paris,,33 1 44 43 70 00,"133, avenue des Champs-Élysées",4.03,2026-10-07T23:41:18+00:00,2026-10-07T23:41:18+00:00,Equity,0.16179,0.04302,0.46674,0.1414,0.0919,0.03,-0.031,17649999872,2926000128,2018625024,1622000000,89000000,2.260108,10.27,1.702,5449999872,10447000000,40010000000,2128000000,,0.94,0.903,51.925,0.5712,1.6073,0,0.00364,
WPP,WPP plc,25.43,5485380608,370234,412675,25.219999,24.93,25.57,25.43,0.4,1.598081,25.030001,2026-10-07,,,0.738,215705082,,-1.5,Communication Services,Advertising Agencies,"WPP plc, a creative transformation company, provides communications, experience, commerce, and technology services in North America, the United Kingdom, Western Continental Europe, the Asia Pacific, Latin America, Africa, the Middle East, and Central and Eastern Europe. The company operates through three segments: Global Integrated Agencies, Public Relations, and Specialist Agencies. It offers marketing strategy, creative ideation, production, commerce, influencer marketing, social media management, and technology implementation services; media strategy, planning, buying and activation, commerce media, data analytics, and consulting services; and media management, public affairs, reputation, risk and crisis management, social media management, and strategic advisory services. The company also provides brand consulting, brand identity, product and service design, and corporate and brand publication services. WPP plc was founded in 1985 and is based in London, the United Kingdom.",NYQ,Ms. Cindy  Rose Quackenbush O.B.E.,United Kingdom,,false,false,true,https://www.wpp.com,,USD,97388,London,,44 20 7282 4600,Sea Containers,4.04,2026-10-07T23:41:19+00:00,2026-10-07T23:41:19+00:00,Equity,-0.06617,0.01099,0.15943,0.04095,-0.0181,-0.044,-0.575,13260000256,580000000,744249984,-240000000,73000000,7.943896,55.85,2.443,7182000128,2540000000,24075000000,2363000064,,0.866,0.866,257.604,1.1753,4.23,0,0.1563,0.0088
S,"SentinelOne, Inc.",25.309999,8809122816,8035068,8030312,25.52,25.07,25.620001,25.309999,-0.49,-1.899224,25.799999,2026-10-07,,,0.707,342184493,,-1.01,Technology,Software - Infrastructure,"SentinelOne, Inc. operates as a cybersecurity provider in the United States and internationally. The company's Singularity Platform delivers an artificial intelligence-powered autonomous threat prevention, detection, and response capabilities across an organization's endpoints, cloud workloads, and identify credentials, which enables seamless and autonomous protection against a spectrum of cyber threats. It also offers generative AI-security agent (Purple AI), security information and event management, endpoint security, cloud security, identity security, exposure and vulnerability management, and threat services. The company has a collaboration with Amazon Web Services (AWS) to deliver unified AI governance for customers building on Amazon Bedrock. The company was formerly known as Sentinel Labs, Inc. and changed its name to SentinelOne, Inc. in March 2021. SentinelOne, Inc. was incorporated in 2013 and is headquartered in Mountain View, California.",NYQ,Mr. Tomer  Weingarten,United States,2021-06-30,false,false,true,https://www.sentinelone.com,,USD,2800,Mountain View,CA,855 868 3733,444 Castro Street,0,2026-10-07T23:41:22+00:00,2026-10-07T23:41:22+00:00,Equity,-0.23008,-0.07561,0.7254,-0.22719,-0.30953,0.206,,1098704000,-237791008,296880640,-340087008,297587000,6.046345,-34.29,7.421,0,1437145000,2438102000,655248000,,1.449,1.271,,,,0.00639,0.86545,0.0598
CHKP,Check Point Software Technologies Ltd.,130.309998,13304732672,770859,1140054,132.889999,130.179993,133.735001,130.309998,-1.669998,-1.265342,131.979996,2026-10-07,,,0.474,102100634,13.337768,9.77,Technology,Software - Infrastructure,"Check Point Software Technologies Ltd. develops, markets, and supports a range of products and services for IT security worldwide. It provides a multilevel security architecture that defends enterprises' cloud, network, mobile devices, endpoints information, and IOT solutions. The company offers Mesh Network Security, which comprises Firewall, Maestro Hyperscale Firewall, Firewall Software R82.10, Spark Firewall, and AI Powered Security Management for hybrid cloud, internet and perimeter gateways, and branch locations. It also provides Workspace Security Platform, including email, endpoint, mobile, browser, and XDR security solutions across devices, browsers, SaaS apps, and remote access. In addition, the company offers Threat Exposure Management platforms comprising threat intelligence, vulnerability detection and prioritization, and safe remediation. Further, it offers AI Security platforms comprising workforce and agent security, and red teaming solutions. Additionally, the company offers cyber security services, including managed detection and response, incident response, security consulting and managed, security consulting, professional, and training services. The company also provides technical customer support programs and plans; professional services in implementing, upgrading, and optimizing its products comprising design planning and security implementation; and certification and educational training services on its products. Check Point Software Technologies Ltd. was incorporated in 1993 and is headquartered in Tel Aviv-Yafo, Israel.",NMS,Brig.Gen. Nadav  Zafrir,Israel,,false,false,true,https://www.checkpoint.com,,USD,6825,Tel Aviv-Yafo,,972 3 753 4555,5 Shlomo Kaplan Street,0,2026-10-07T23:41:23+00:00,2026-10-07T23:41:23+00:00,Equity,0.37639,0.07597,0.87495,0.27479,0.37932,0.013,0.016,2764400128,846200000,700524992,1048600000,205600000,4.898872,15.486,4.74,1974899968,2882100000,7806400000,2279500032,,1.672,1.581,72.153,0,1.2503,0.2439,0.76884,0.081
TENB,"Tenable Holdings, Inc.",38.939999,4288850944,2822800,4071164,39.380001,38.330002,39.685001,38.939999,-0.530003,-1.342799,39.470001,2026-10-07,,,1.007,110139983,649,0.06,Technology,Software - Infrastructure,"Tenable Holdings, Inc. provides cyber exposure management solutions in the Americas, Europe, the Middle East, Africa, the Asia Pacific, and Japan. Its platforms include Tenable AI Exposure, a solution that helps organizations identify, assess, and reduce security risks associated with the use of artificial intelligence technologies; Tenable Vulnerability Management, a cloud-delivered software as a service that provides organizations with a risk-based view of traditional and modern attack surfaces; Tenable Cloud Security, a cloud security solution for use in exposing and closing priority security gaps caused by misconfigurations, risky entitlements, and vulnerabilities; Tenable Identity Exposure, a solution for end-to-end protection from identity-based threats; and Tenable Web App Scanning, which provides configuration and management of web app scans. The company also provides Tenable Attack Surface Management, an external attack surface management solution; Tenable Security Center, an on-premises vulnerability management solution; and Tenable OT Security, a unified security solution for converged OT/IoT environments that provide threat detection, asset tracking, vulnerability management, and configuration control capabilities to protect OT environments, including industrial networks. In addition, it offers Nessus, a vulnerability assessment solution for cybersecurity industry and enterprise platform; and Nessus Expert, which enables users to programmatically detect cloud infrastructure misconfigurations and vulnerabilities in the design and build phase of the software development lifecycle. Tenable Holdings, Inc. was founded in 2002 and is headquartered in Columbia, Maryland.",NMS,Mr. Stephen A. Vintz CPA,United States,,false,false,true,https://www.tenable.com,,USD,1995,Columbia,MD,410 872 0555,6100 Merriweather Drive,0,2026-10-07T23:41:25+00:00,2026-10-07T23:41:25+00:00,Equity,0.02456,0.01992,0.78051,0.04849,0.00646,0.086,,1043539008,53708000,256786496,6742000,191813000,21.681513,82.152,4.228,421561984,326376000,1747667000,298208992,,0.786,0.649,212.482,0,1.2354,0.01494,1.09412,0.1936
QLYS,"Qualys, Inc.",194.75,6737376256,742645,723987,198.330002,190.210007,199.75,194.75,-5.179993,-2.590903,199.929993,2026-10-07,,,0.602,34595001,33.752167,5.77,Technology,Software - Infrastructure,"Qualys, Inc. provides cloud-based platform delivering information technology (IT), security, and compliance solutions in the United States and internationally. The company provides Qualys Cloud Apps, which include cybersecurity asset management; enterprise TruRisk management; vulnerability management, detection, and response; total application security; patch management; custom assessment and remediation; multi-vector endpoint detection and response; policy audit; and file integrity monitoring. It offers TotalCloud, a cloud-native application protection platform, which include cloud workload protection, cloud detection and response, cloud security posture management, infrastructure as code, SaaS security posture management, cloud infrastructure and entitlement management, and Kubernetes and container security. In addition, the company markets and sells IT, security, and compliance solutions; offers Qualys' Enterprise TruRisk platform that enables customers to identify and manage IT and operational technology assets; collect and analyze IT security data; discover and prioritize vulnerabilities; quantify cyber risk exposure; recommend and implement remediation actions; and verify the implementation of such actions. Further, it offers asset tagging and management; reporting and dashboards; questionnaires and collaboration; remediation and workflow; big data correlation and analytics engine; and alerts and notifications. The company offers its solutions to enterprises, government entities, and small and medium-sized businesses in various industries, including education, financial services, government, healthcare, insurance, manufacturing, media, retail, technology, and utilities through its sales teams, as well as through security consulting organizations, managed service providers, resellers, cloud providers, and consulting firms. Qualys, Inc. was incorporated in 1999 and is headquartered in Foster City, California.",NMS,Mr. Sumedh S. Thakar,United States,,false,false,true,https://www.qualys.com,,USD,2718,Foster City,CA,650 801 6100,919 East Hillsdale Boulevard,0,2026-10-07T23:41:26+00:00,2026-10-07T23:41:26+00:00,Equity,0.38592,0.146,0.83417,0.33979,0.29381,0.11,0.161,702977024,254642000,244382624,206544000,76966000,12.003081,24.994,9.054,53399000,561153000,1095081000,426294016,,1.384,1.266,9.498,0,3.1712,0.00448,1.10068,0.1381
RBRK,"Rubrik, Inc.",123.730003,25467168768,2354939,3184603,123.629997,121.5,125.720001,123.730003,-2.07,-1.645469,125.800003,2026-10-07,,,1.119,160956763,,-1.27,Technology,Software - Infrastructure,"Rubrik, Inc. provides data security solutions to individuals and businesses worldwide. The company offers enterprise data protection, unstructured data protection, cloud data protection, SaaS data protection solutions, and identity provider services protection; data threat analytics; data security posture; identity recovery and resilience services; and cyber recovery solutions. It also provides RUBY, an AI agent for cyber resilience designed to scale data security operations through automation; SENTRYAI, a proprietary AI deep learning-based platform for system health monitoring; and RUBRIK UNIVERSITY, which includes instructor-led training with hands-on labs, on-demand e-learning courses, and certification exams, as well as offers cloud services. It serves financial, retail, trade, transportation, energy, industrial, healthcare and life science, education, technology, media, communications, services, and public sectors. Rubrik, Inc. has strategic collaboration with MEDITECH to offer native cyber resilience to MEDITECH self-hosted cloud and on-premises solutions. Rubrik, Inc. was formerly known as Scaledata, Inc. and changed its name to Rubrik, Inc. in October 2014. The company was incorporated in 2013 and is based in Palo Alto, California.",NYQ,Mr. Bipul  Sinha,United States,,false,false,true,https://www.rubrik.com,,USD,3797,Palo Alto,CA,844 478 2745,3495 Deer Creek Road,0,2026-10-07T23:41:27+00:00,2026-10-07T23:41:27+00:00,Equity,,-0.06743,0.80206,-0.16829,-0.16498,0.379,,1542178048,-263159008,479817376,-254424992,329374000,-51.34025,-95.196,16.244,1149586048,-519562000,2766536000,1747649024,,1.642,1.461,,,,0.02313,0.79849,0.0832
CIBR,First Trust NASDAQ Cybersecurity ETF,106.57,,1603326,1653089,107.349998,106.230003,107.93,106.57,-1.559998,-1.442706,108.129997,2026-10-07,,,,,32.821476,,,,"The fund will normally invest at least 90% of its net assets (including investment borrowings) in the common stocks and depositary receipts that comprise the index. The index includes securities of companies classified as ""cyber security"" companies by CTA. The fund is non-diversified.",NGM,,,,true,false,true,,,USD,,,,630-241-4141,,0.38,2026-10-07T23:41:29+00:00,2026-10-07T23:41:29+00:00,Equity,,,,,,,,,,,,,,,,,,17322008576,,0.58,,,,,,,,
BUG,Global X Cybersecurity ETF,47.860001,,1465213,1409406,48.490002,47.639999,48.599998,47.860001,-0.869999,-1.785346,48.73,2026-10-07,,,,,38.48897,,,,"The fund invests at least 80% of its total assets in the securities of the underlying index and in American Depositary Receipts (""ADRs"") and Global Depositary Receipts (""GDRs"") based on the securities in the underlying index. The underlying index is designed to provide exposure to exchange-listed companies that are positioned to benefit from increased adoption of cybersecurity technology. The fund is non-diversified.",NGM,,,,true,false,true,,,USD,,,,+1 8884938631,,0.03,2026-10-07T23:41:30+00:00,2026-10-07T23:41:30+00:00,Equity,,,,,,,,,,,,,,,,,,2089282944,,0.5,,,,,,,,
U,Unity Software Inc.,45.439999,19997640704,12798386,10250623,45.990002,44.244999,46.25,45.439999,0.489998,1.090095,44.950001,2026-10-07,,,2.111,440088933,,-1.36,Technology,Software - Application,"Unity Software Inc. operates a platform to develop, deploy, and grow games and interactive experiences for mobile phones, PCs, consoles, and extended reality devices in the United States, China, Hong Kong, Taiwan, Europe, the Middle East, Africa, the Asia Pacific, Canada, and Latin America. The company's platform offers artificial intelligence solutions that support developers through the entire development lifecycle, which includes prototyping, live service operation, user acquisition, and monetization. It also provides Create Solutions, a set of tools and services used to build, ship, and run real-time 2D and 3D content; and Grow Solutions, which allows customers to grow and engage their user base and monetize their content. In addition, the company offers enterprise support and consumption services; professional services, including consulting, platform integration, training, and custom application and workflow development services; and advertising and game publishing services. It provides its solutions directly through its online store, field sales operations, independent distributors, and resellers. The company serves enterprises, mid-market companies, government, and non-profit institutions; mid-sized, small, and independent businesses; and individuals from various industries. Unity Software Inc. was founded in 2004 and is headquartered in San Francisco, California.",NYQ,Mr. Matthew Samuel Bromberg J.D.,United States,2020-09-18,false,false,true,https://unity.com,,USD,4412,San Francisco,CA,415 638 9950,116 New Montgomery Street,0,2026-10-07T23:41:31+00:00,2026-10-07T23:41:31+00:00,Equity,-0.17381,-0.03124,0.76133,-0.05179,-0.28966,0.239,,2028409984,146200000,599621120,-587540992,385214000,6.590282,138.437,9.978,2320891904,3237432000,6837606000,2351986944,,2.026,1.937,70.183,,,0.03355,0.86758,0.0665
NTDOY,"Nintendo Co., Ltd.",12.24,56444669952,346689,2831407,12.33,12.17,12.4,12.24,-0.110001,-0.890693,12.35,2026-10-07,,,,4611492820,20.4,0.6,Communication Services,Electronic Gaming & Multimedia,"Nintendo Co., Ltd., together with its subsidiaries, develops, manufactures, and sells home entertainment products in Japan, the Americas, Europe, and internationally. It offers home console gaming hardware, software, accessories, and other products. The company also provides various services, such as Nintendo Switch Online; and content through mobile application. In addition, it offers develop IP, including video content and mobile apps. The company was formerly known as Nintendo Playing Card Co., Ltd. and changed its name to Nintendo Co., Ltd. in 1963. Nintendo Co., Ltd. was founded in 1889 and is headquartered in Kyoto, Japan.",PNK,Mr. Shuntaro  Furukawa,Japan,,false,false,true,https://www.nintendo.co.jp,,USD,8666,Kyoto,,81 7 5662 9600,11-1 Hokotate-cho,2.76,2026-10-07T23:41:32+00:00,2026-10-07T23:41:32+00:00,Equity,,,0,0.27538,0,-0.095,0.55,2258501107712,461762265088,,475447001088,,3.056016,-4.137,-0.846,0,2954023000000,3805312000000,1967908061184,,3.728,2.672,,0.5776,2.0993,0,0.00152,
NTES,"NetEase, Inc.",120.610001,77230252032,494839,794889,119.07,119.07,120.730003,120.610001,1.540001,1.293358,119.07,2026-10-07,,,0.766,640330430,16.751389,7.2,Communication Services,Electronic Gaming & Multimedia,"NetEase, Inc. engages in online games, music streaming, online intelligent learning services, and internet content services businesses in China and internationally. The company operates through Games and Related Value-Added Services; Youdao; NetEase Cloud Music; and Innovative Businesses and Others segments. It develops and operates mobile and PC games; and offers games licensed from other developers. The company also provides live streaming service, and other related or ancillary value-added services related to games, such as the sale of game-themed merchandise. In addition, it offers digital content services with interactive learning features, including Youdao Lingshi and Youdao Literature; STEAM courses consisting computer coding courses and other STEAM courses; and adult courses, such as China University massive open online course. Further, the company provides Youdao Dictionary, an online language tool; Confucius, a large language model for the education sector; Hi Echo, an AI-driven virtual English-speaking tutor; Mr. P AI Tutor, a conversation-based tool; Youdao Desktop Translation, a desktop dictionary tool; U-Dictionary, an online dictionary and translation app; iRecord, an audio transcription tool; LectMate, an interpretation software for study-abroad lecture scenarios; iArch, an AI home design software; Baby Genius, an AI baby generator; and One Translate Translator, a translation tool for travelers. It also offers online marketing services consisting of performance-based advertising services, and global marketing and promotion services through banners, text links, videos, logos, buttons, and rich media. Additionally, the company develops and offers smart devices, including Youdao Dictionary Pen, Youdao Listening Pod, and Youdao Smart Learning Pad. NetEase, Inc. was formerly known as NetEase.com, Inc. and changed its name to NetEase, Inc. in March 2012. The company was founded in 1997 and is headquartered in Hangzhou, the People's Republic of China.",NMS,Mr. Lei  Ding,China,,false,false,true,https://ir.netease.com,,USD,25382,Hangzhou,,86 57 1898 53378,NetEase Building,2.46,2026-10-07T23:41:33+00:00,2026-10-07T23:41:33+00:00,Equity,0.20373,0.11651,0.67154,0.40155,0.27883,0.079,-0.187,116603428864,43287056384,32770578432,32512395264,3647662000,15.501561,5.267,1.955,12604170240,160296119000,221415060000,175392817152,,3.453,3.257,7.347,0.4185,1.1595,0.01391,0.09963,0.0085
TCEHY,Tencent Holdings Limited,53.5,481833615360,525921,3484803,53.349998,53.02,53.549999,53.5,-1,-1.834862,54.5,2026-10-07,,,0.742,9006235367,14.697802,3.64,Communication Services,Internet Content & Information,"Tencent Holdings Limited, an investment holding company, provides value-added services, marketing services, fintech, and business services in Mainland China and internationally. The company's consumers business includes communications and social services, such as instant messaging and social networks; digital content, including online games, videos, live streaming, news, music, and literature; fintech services, which include mobile payment, wealth management, consumer loans, and securities trading; and various tools comprising network security management, browsing, navigation, application management, email, etc. Its enterprise business comprises marketing solutions, which offer digital tools, including user insight, creative management, placement strategy, and digital assets management; and cloud services, such as cloud computing, big data analytics, artificial intelligence, Internet of Things, and security and other technologies for financial services, education, healthcare, retail, industry, transport, energy, and radio and television industries. The company also invests in, produces, and distributes films and television programs; offers copyrights licensing and merchandise sales and other services; provides internet advertisement services; and offers software development, and information technology and system integration services, as well as develops and operates mobile games. The company was formerly known as Tencent (BVI) Limited and changed its name to Tencent Holdings Limited in February 2004. Tencent Holdings Limited was founded in 1998 and is headquartered in Shenzhen, the People's Republic of China.",PNK,Mr. Huateng  Ma,China,,false,false,true,https://www.tencent.com,,USD,115927,Shenzhen,,86 755 8601 3388,Tencent Binhai Towers,1.24,2026-10-07T23:41:35+00:00,2026-10-07T23:41:35+00:00,Equity,0.19906,0.07867,0.56699,0.32852,0.29868,0.11,0.018,788483014656,297043001344,118467747840,235508006912,25660000000,2.840823,1.956,0.737,471828004864,1154152000000,2038986000000,458904010752,,1.287,1.07,38.595,0.1856,1.3462,0,0.00168,
STEM,"Stem, Inc.",4.47,43031544,260963,137750,4.78,4.2,4.7,4.47,-0.3,-6.289312,4.77,2026-10-07,,,1.588,9626744,,-8.62,Utilities,Utilities - Renewable,"Stem, Inc. engages in the development, deployment, and operation of clean energy assets in the United States and internationally. The company offers OEM energy storage systems, and edge hardware devices and solutions. It also provides PowerTrack, an integrated suite of software and solutions for solar, storage, and hybrid assets, including software, energy management system, supervisory control and data acquisition, power plant controller, logger, and optimizer. In addition, the company offers energy optimization software, asset management software, and advisory services; managed services, including the design, procurement, commissioning, operation, and optimization of energy storage and hybrid systems; and professional services to support solar and storage projects, as well as the sale of project assets. It serves developers, asset owners, engineering, procurement and construction firms, distributors, commercial and industrial customers, utilities, and independent power producers. Stem, Inc. was incorporated in 2009 and is headquartered in Houston, Texas.",NYQ,Mr. Arun  Narayanan,United States,,false,false,true,https://www.stem.com,,USD,423,Houston,TX,877 374 7836,1400 Post Oak Boulevard,0,2026-10-07T23:41:36+00:00,2026-10-07T23:41:36+00:00,Equity,,-0.05299,0.41939,-0.24116,-0.49366,-0.123,,148034000,3726000,16712750,-73078000,10216000,-0.159319,99.474,2.504,366449984,-249442000,308887000,38415000,,0.831,0.666,,,,0.02319,0.2536,0.1279
BP,BP p.l.c.,44.509998,114639568896,6335960,8772167,45.130001,44.445,45.560001,44.509998,-0.5,-1.110864,45.009998,2026-10-07,,,-0.196,2575591468,21.712194,2.05,Energy,Oil & Gas Integrated,"BP p.l.c., an integrated energy company, engages in the oil and gas business worldwide. The company operates through Gas & Low Carbon Energy, Oil Production & Operations, and Customers & Products segments. It engages in the production of natural gas, marketing, and trading activities, as well as solar, wind, and hydrogen businesses. The company also offers aviation fuel products and services, such as jet fuel; aviation gasoline; UL91 aviation fuel; and sustainable aviation fuel. In addition, it engages in the convenience and retail fuel; EV charging; Castrol lubricants and fluids; B2B; midstream; crude oil production; refining and oil trading; and bioenergy businesses. The company was founded in 1908 and is headquartered in London, the United Kingdom.",NYQ,Ms. Katherine Anne Thomson,United Kingdom,,false,false,true,https://www.bp.com,,USD,93700,London,,44 20 7496 4000,1 St James's Square,4.48,2026-10-07T23:41:37+00:00,2026-10-07T23:41:37+00:00,Equity,0.08868,0.05037,0.28304,0.1315,0.02549,0.482,1.389,215465000960,39197999104,12878874624,5425999872,1077000000,7.883457,13.114,2.386,72692998144,53052000000,278526000000,37225000960,,1.272,0.765,95.123,0.9525,0.0562,0,0.14102,0.0028
CHPT,"ChargePoint Holdings, Inc.",8.22,220709664,1284023,1711795,8.5,8.18,8.5122,8.22,-0.45,-5.190309,8.67,2026-10-07,,,1.7,26850324,,-7.16,Consumer Cyclical,Specialty Retail,"ChargePoint Holdings, Inc., together with its subsidiaries, provides electric vehicle (EV) charging technology solutions in the United States and internationally. The company offers a range of networked charging systems; charger management system, support, and e-mobility service providers solutions; and ChargePoint mobile application. It serves commercial, such as retail, workplace, hospitality, healthcare, education, fueling and convenience, and parking lot operators; fleet, including municipal buses, delivery and work vehicles, and port/airport/warehouse and other industrial applications, as well as ride-sharing services; and residential comprising single family homes and multi-family apartments and condominiums customers. ChargePoint Holdings, Inc. was founded in 2007 and is headquartered in Campbell, California.",NYQ,Mr. Richard  Wilmer,United States,,false,false,true,https://www.chargepoint.com,,USD,1440,Campbell,CA,408 841 4500,240 East Hacienda Avenue,0,2026-10-07T23:41:37+00:00,2026-10-07T23:41:37+00:00,Equity,-10.15077,-0.1356,0.3097,-0.29085,-0.40594,0.177,,432888000,-144243008,32783500,-175724992,64694000,-6.116072,-2.687,0.895,250100992,21299000,792245000,95330000,,1.074,0.506,,,,0.03398,0.32946,0.2128
EVGO,"EVgo, Inc.",1.29,405725248,3034979,3701212,1.32,1.26,1.32,1.29,-0.03,-2.272734,1.32,2026-10-07,,,2.866,141715720,,-0.4,Consumer Cyclical,Specialty Retail,"EVgo, Inc. owns and operates a direct current fast charging network for electric vehicles in the United States. It offers electricity directly to drivers; original equipment manufacturer charging and related services; and commercial charging. The company also provides ancillary services, such as customization of digital applications, charging data integration, access to chargers behind parking lot or garage pay gates, microtargeted advertising, and charging reservations; and hardware, design, and construction services for charging sites, as well as ongoing operations, maintenance, and networking and software integration solutions through eXtend. In addition, it offers PlugShare, such as data, research, and advertising services and equipment procurement and operational services. The company was founded in 2010 and is headquartered in El Segundo, California. EVgo, Inc. operates as a subsidiary of EVgo Holdings LLC.",NMS,Mr. Badar  Khan,United States,2021-07-02,false,false,true,https://www.evgo.com,,USD,376,El Segundo,CA,877 494 3833,1661 East Franklin Avenue,0,2026-10-07T23:41:39+00:00,2026-10-07T23:41:39+00:00,Equity,-0.34558,-0.07478,0.39938,-0.45885,-0.13502,-0.157,,402948000,-36822000,-171632256,-54125000,27110000,-8.896552,-21.905,2.002,415555008,-116904000,964830000,121822000,,2.188,1.336,134.224,0,,0.05622,0.73343,0.3006
CPB,The Campbell's Company,18.9,5636635648,8200811,6989829,19.1,18.6014,19.139999,18.9,-0.1,-0.526318,19,2026-10-07,,,0.044,298234693,14.427482,1.31,Consumer Defensive,Packaged Foods,"The Campbell's Company, together with its subsidiaries, engages in the manufacture and marketing of food and beverage products in the United States and internationally. It operates through Meals & Beverages, and Snacks segments. The Meals & Beverages segment engages in the retail and foodservice businesses in the United States and Canada. This segment provides Campbell's condensed and ready-to-serve soups; Swanson broth and stocks; pacific foods broth, soups and non-dairy beverages; Prego pasta sauces; Pace mexican sauces; Spaghettios pasta; Campbell's gravies, beans and dinner sauces; Swanson canned poultry; V8 Juices And Beverages; Campbell's Tomato Juice; Rao's Pasta sauces, dry pasta, frozen entrées, frozen pizza and soups; Michael Angelo's Frozen Entrées And Pasta Sauces; and Noosa Yogurts. The Snacks Segment Retails Pepperidge Farm Cookies, Crackers, Fresh Bakery and Frozen Products, including Goldfish Crackers, Snyder's of Hanover Pretzels, Lance sandwich crackers, Cape Cod potato chips, Kettle brand potato chips, late july snacks, Snack factory pretzel crisps, and other snacking products. This segment is also involved in the snacking, and meals and beverage retail business in Latin America. It sells its products through retail food chains, mass discounters, mass merchandisers, club stores, convenience stores, dollar stores, e-commerce and other retail, commercial and non-commercial establishments, and independent contractor distributors. The company was formerly known as Campbell Soup Company and changed its name to The Campbell's Company in November 2024. The Campbell's Company was founded in 1869 and is headquartered in Camden, New Jersey.",NMS,Mr. Mick J. Beekhuizen,United States,,false,false,true,https://www.thecampbellscompany.com,,USD,13500,Camden,NJ,856 342 4800,1 Campbell Place,5.26,2026-10-07T23:41:40+00:00,2026-10-07T23:41:40+00:00,Equity,0.1005,0.0494,0.28541,0.10201,0.04136,-0.079,,9744000000,1620000000,634499968,398000000,57000000,1.462962,8.024,1.334,7449999872,3902000000,14896000000,394000000,,0.815,0.291,179.259,1.1908,0.5253,0.37579,0.63083,0.2495
ACI,"Albertsons Companies, Inc.",11.74,5697723392,8576003,8255226,11.57,11.56,11.91,11.74,0.26,2.26481,11.48,2026-10-07,,,0.227,485325683,69.05882,0.17,Consumer Defensive,Grocery Stores,"Albertsons Companies, Inc., through its subsidiaries, operates in the food and drug retail industry in the United States. The company's food and drug retail stores offer grocery products, general merchandise, health and beauty care products, pharmacy, vaccines, fuel, and other items and services. It also operates stores under various banners, including Albertsons, Safeway, Vons, Pavilions, Randalls, Tom Thumb, Carrs, Jewel-Osco, ACME, Shaw's, Star Market, United Supermarkets, Market Street, Haggen, Kings Food Markets, and Balducci's Food Lovers Market; and in-store pharmacies and branded coffee shops, fuel centers, distribution centers, and manufacturing facilities, as well as various digital platforms. Albertsons Companies, Inc. was founded in 1860 and is headquartered in Boise, Idaho.",NYQ,Ms. Susan D. Morris,United States,2020-06-26,false,false,true,https://www.albertsonscompanies.com,,USD,275000,Boise,ID,208 395 6200,250 Parkcenter Boulevard,5.92,2026-10-07T23:41:41+00:00,2026-10-07T23:41:41+00:00,Equity,0.02717,0.03869,0.2704,0.01428,0.00079,0.002,-0.585,83233300480,3498099968,1753387520,65700000,95500000,3.557576,6.029,0.253,15701000192,1836200000,26765900000,307900000,,0.842,0.164,973.585,3.6471,1.2188,0.01197,0.96455,0.1707
NDAQ,"Nasdaq, Inc.",91.93,51386785792,3123797,3328106,91.160004,90.410004,92.139999,91.93,-0.339996,-0.36848,92.269997,2026-10-07,,,0.998,558977372,26.801748,3.43,Financial Services,Financial Data & Stock Exchanges,"Nasdaq, Inc. operates as a technology company that serves capital markets and other industries in the United States and internationally. It operates through three segments: Capital Access Platforms, Financial Technology, and Market Services. The company distributes historical and real-time market data; develops and licenses Nasdaq-branded indices and financial products; provides investor relations intelligence, governance solutions, and sustainability solution products for public and private companies, and organizations, as well as insights and workflow solutions; and operates listing platforms. It also offers Verafin, a cloud-based platform to detect, investigate, and report money laundering and financial frauds; AxiomSL, a risk data management and regulatory reporting solution; cloud-enabled and on-premises surveillance solutions to assist in complying with market rules, regulations, and internal market surveillance policies; Calypso, a platform providing cross-asset, front-to-back trading, treasury, risk, and collateral management solutions; and trade management and colocation services, as well as handles assets comprising cash equities, equity derivatives, currencies, various interest-bearing securities, commodities, energy products, and digital currencies. In addition, the company provides equity derivative trading and clearing, cash equity trading and fixed income, currency and commodities trading, and fixed income trading and clearing services, as well as tape plan data services; operates various exchanges, including derivatives, commodities, cash equity, debt, structured products, and exchange traded products; and offers clearing, settlement, and central depository services. The company was formerly known as The NASDAQ OMX Group, Inc. and changed its name to Nasdaq, Inc. in September 2015. Nasdaq, Inc. was founded in 1971 and is headquartered in New York, New York.",NMS,Ms. Adena T. Friedman,United States,,false,false,true,https://www.nasdaq.com,,USD,9630,New York,NY,212 401 8700,151 West 42nd Street,1.26,2026-10-07T23:41:42+00:00,2026-10-07T23:41:42+00:00,Equity,0.16522,0.05853,1,0.49333,0.35037,0.149,0.141,5614000128,3352999936,1691500032,1967000064,165000000,4.309691,17.94,10.715,9317000192,12227000000,31053000000,555000000,,1.006,0.386,77.687,0.3265,1.7643,0.10999,0.86987,0.0197
WY,Weyerhaeuser Company,18.57,13384067072,12466182,5972962,18.549999,18.365,18.76,18.57,-0.030001,-0.161294,18.6,2026-10-07,,,0.933,720736000,28.569231,0.65,Real Estate,REIT - Specialty,"Weyerhaeuser Company, one of the world's largest private owners of timberlands, began operations in 1900 and today owns or controls more than 10 million acres of timberlands in the U.S., as well as additional public timberlands managed under long-term licenses in Canada. Weyerhaeuser has been a global leader in sustainability for more than a century and manages 100 percent of its timberlands on a fully sustainable basis in compliance with internationally recognized sustainable forestry standards. Weyerhaeuser is also one of the largest manufacturers of wood products in North America and operates additional business lines around product distribution, climate solutions, real estate, energy and natural resources, among others. In 2025, the company generated 6.9 billion dollar in net sales and employed approximately 9,500 people who serve customers worldwide. Operated as a real estate investment trust, Weyerhaeuser's common stock trades on the New York Stock Exchange under the symbol WY. Weyerhaeuser Company was founded in 1900 and was incorporated in Washington.",NYQ,"Mr. Devin W. Stockfish Esq., J.D.",United States,,false,false,true,https://www.weyerhaeuser.com,,USD,9500,Seattle,WA,206 539 3000,220 Occidental Avenue South,4.52,2026-10-07T23:41:43+00:00,2026-10-07T23:41:43+00:00,Equity,0.04974,0.00674,0.14507,0.08034,0.06888,-0.009,0.871,6851999744,688000000,13625000,472000000,43000000,1.418532,26.608,2.672,5448999936,9426000000,16613000000,527000000,,1.816,1.004,57.625,1.2923,1.86,0.0033,0.91613,0.0453
PHM,"PulteGroup, Inc.",112.330002,21397331968,2220826,1620287,113.660004,111.279999,114,112.330002,-3.769997,-3.247198,116.099998,2026-10-07,,,1.164,190486353,11.462245,9.8,Consumer Cyclical,Residential Construction,"PulteGroup, Inc., through its subsidiaries, engages in the homebuilding business in the United States. The company is involved in the acquisition and development of land primarily for residential purposes, as well as construction of housing; and sale of single-family detached homes; and attached homes, such as townhomes, condominiums, and duplexes under the Centex, Pulte Homes, Del Webb, DiVosta Homes, and John Wieland Homes and Neighborhoods brands. It also engages in the mortgage banking, title, and insurance agency operations. PulteGroup, Inc. was founded in 1950 and is headquartered in Atlanta, Georgia.",NYQ,Mr. Ryan R. Marshall,United States,,false,false,true,https://pultegroupinc.com,,USD,6506,Atlanta,GA,404 978 6400,3350 Peachtree Road NE,0.9,2026-10-07T23:41:44+00:00,2026-10-07T23:41:44+00:00,Equity,0.14901,0.09208,0.25565,0.15685,0.1162,-0.096,-0.182,16407075840,2753777920,1078512896,1906445952,54823000,1.619918,8.062,1.353,2481007104,12985442000,18048423000,1337081984,,7.272,0.608,19.065,0.102,1.0218,0.00668,0.97771,0.0617
FAF,First American Financial Corporation,61.290001,6257709056,577447,813657,61.740002,60.459999,61.990002,61.290001,-1.02,-1.636977,62.310001,2026-10-07,,,1.259,102100000,8.48892,7.22,Financial Services,Insurance - Specialty,"First American Financial Corporation, through its subsidiaries, provides financial services. It operates through Title Insurance and Services, and Home Warranty segments. The Title Insurance and Services segment issues title insurance policies on residential and commercial property, as well as offers related products and services internationally. This segment also provides closing and/or escrow services; products, services, and solutions to mitigate risk or otherwise facilitate real estate transactions; appraisals and other valuation-related products and services; lien release, document custodial, and default-related products and services; document generation services; warehouse lending services; and subservices mortgage loans; as well as banking, trust, and wealth management services. In addition, it accommodates tax-deferred exchanges of real estate; and maintains, manages, and provides access to title plant data and records. This segment offers its products through a network of direct operations and agents in various states and in the District of Columbia, as well as in Canada, the United Kingdom, Australia, New Zealand, South Korea, and internationally. The Home Warranty segment provides home warranty products, including residential service contracts that cover residential systems, such as heating and air conditioning systems, and certain appliances against failures that occur as the result of normal usage during the coverage period. This segment operates in various states and the District of Columbia. First American Financial Corporation was founded in 1889 and is based in Santa Ana, California.",NYQ,Mr. Dennis Joseph Gilmore,United States,,false,false,true,https://www.firstam.com,,USD,19102,Santa Ana,CA,714 250 3000,1 First American Way,3.92,2026-10-07T23:41:45+00:00,2026-10-07T23:41:45+00:00,Equity,0.13846,0.04087,0.63984,0.15567,0.09333,0.15,0.504,7983900160,1370400000,2337762560,745100032,68400000,1.11222,4.628,0.794,2789199872,5499500000,16228800000,2728100096,,0.396,0.396,49.421,0.3047,2.98,0.03527,0.99158,0.0687
VRTX,Vertex Pharmaceuticals Incorporated,505.640015,128159989760,806603,1181482,504.295013,503.941986,511.470001,505.640015,3.330017,0.662941,502.309998,2026-10-07,,,0.281,253460924,29.44904,17.17,Healthcare,Biotechnology,"Vertex Pharmaceuticals Incorporated operates as a biotechnology company in the United States, Europe, and internationally. The company offers transformative medicines for people with serious diseases with a focus on specialty markets, such as cystic fibrosis (CF), sickle cell disease (SCD), transfusion dependent beta thalassemia (TDT), and acute pain. It markets TRIKAFTA/KAFTRIO for people with CF with at least one F508del mutation for 2 years of age and older; ALYFTREK for the treatment for people with CF 6 years of age and older; SYMDEKO/SYMKEVI for treatment of patients with CF 6 years of age and older; ORKAMBI for CF patients 1 year or older; and KALYDECO for the treatment of patients with 1 month or older who have CF with ivacaftor. The company also develops CASGEVY for the treatment of SCD and TDT; JOURNAVX for the treatment of acute pain in adults; VX-522, a CFTR mRNA therapeutic designed to treat the underlying cause of CF, which is in Phase 1/2 clinical trial; inaxaplin for the treatment of APOL1-mediated kidney disease, which is in single Phase 2 trial; VX-264 for treating Type 1 Diabetes; VX-670 for the treatment of myotonic dystrophy type 1; and VX-407, a small molecule corrector for the treatment of autosomal dominant polycystic kidney disease. In addition, the company also operates as a clinical-stage pharmaceutical company, that focuses on the discovery, development, and commercialization of novel therapeutics for rare endocrine diseases and endocrine-related tumors. The company sells its products primarily to specialty pharmacy and distributors, wholesalers, retail pharmacies, hospitals, and clinics. Vertex Pharmaceuticals Incorporated has a strategic collaboration with AbCellera Biologics Inc. to research, develop, manufacture, and commercialize multispecific T-cell engagers (TCEs) for autoimmune diseases and other conditions. Vertex Pharmaceuticals Incorporated was founded in 1989 and is headquartered in Boston, Massachusetts.",NMS,"Dr. Jeffrey Marc Leiden M.D., Ph.D.",United States,,false,false,true,https://www.vrtx.com,,USD,6400,Boston,MA,617 341 6100,50 Northern Avenue,0,2026-10-07T23:41:46+00:00,2026-10-07T23:41:46+00:00,Equity,0.23543,0.11926,0.54957,0.38055,0.34997,0.125,0.08,12587200512,5100499968,2627887616,4405199872,685900000,6.326748,23.975,9.715,1977600000,18665800000,25643000000,7852400128,,3.185,2.536,9.767,0,1.8976,0.00212,0.97993,0.021
OKTA,"Okta, Inc.",218,38110961664,2259293,3489785,218.5,215.119995,219.225006,218,-0.669998,-0.306397,218.669998,2026-10-07,,,0.733,167139757,131.3253,1.66,Technology,Software - Infrastructure,"Okta, Inc. operates as an identity partner in the United States and internationally. It offers Single Sign-on to secure access to cloud and on-premises applications from any device; Adaptive MFA for a risk-based layer of security for an organization's cloud, mobile, and web applications; API Access Management, which enables organizations to secure APIs as systems; Access Gateway, which extends the Okta platform to hybrid IT environments; Okta Device Access, which extends Okta platform's secure access management to the device login experience; Universal Directory for a cloud-based system of record. The company also provides Identity Threat Protection; Identity Security Posture Management for security measures and safeguards digital assets; Okta for AI Agents to discover, register, authenticate, govern, and manage AI Agents; Identity Governance and Administration products, including Lifecycle Management, Okta Workflows, Okta Identity Governance, and Cross App Access; Advanced Server Access for continuous and contextual access management to secure cloud infrastructure; and Okta Privileged Access to reduce risk with unified access and governance management. In addition, it provides Universal Login, a standards-based login infrastructure; Attack Protection Suite to minimize risks associated with identity-targeted attacks; Adaptive MFA; Passwordless, which enables users to login without a password; Machine-to-Machine Tokens for authentication and authorization with NHIs; Private Cloud, a deployment option; Organizations, which support a large number of partners or customers; Extensibility, which enables customers to build customized identity flows; Fine Grained Authorization, which manages complex authorization scenarios; and Auth0 for AI Agents to secure and scale agentic applications. The company was formerly known as Saasure, Inc. Okta, Inc. was incorporated in 2009 and is headquartered in San Francisco, California.",NMS,Mr. Todd  McKinnon,United States,,false,false,true,https://www.okta.com,,USD,6366,San Francisco,CA,888 722 7871,100 First Street,0,2026-10-07T23:41:47+00:00,2026-10-07T23:41:47+00:00,Equity,0.04313,0.01579,0.78132,0.13292,0.09632,0.106,0.757,3072999936,321000000,1037625024,296000000,544000000,5.46544,111.729,11.671,53000000,6999000000,9710000000,2299000064,,1.525,1.376,0.76,0,1.6978,0.00523,0.99295,0.0549
VRNS,"Varonis Systems, Inc.",48.959999,5623569408,1643876,1756192,49.029999,47.919998,49.665001,48.959999,-0.120003,-0.244504,49.080002,2026-10-07,,,0.773,114860485,,-1.22,Technology,Software - Infrastructure,"Varonis Systems, Inc. provides software products and services that continuously discover and classify critical data, remediate exposures, and detect advanced threats with AI-powered technology in North America, Europe, APAC, and rest of worlds. The company offers Varonis Data Security Platform, a Software-as-a-Service solution which includes Data security posture management, Data access intelligence, Data discovery & classification, Discovery policy library, least privilege automation, Data activity monitoring, Data detection and response, and User & entity behavior analytics. It also provides Protection Packages, such as Microsoft 365, Windows & NAS, Hybrid, and Cloud Environments, as well as Database and Email Security Capabilities and On-Premises Subscription Products. It serves the financial services, public, healthcare, industrial, insurance, energy and utilities, technology, construction and engineering, education, and consumer and retail industries. Varonis Systems, Inc. was incorporated in 2004 and is headquartered in Miami, Florida.",NMS,Mr. Yakov  Faitelson,United States,,false,false,true,https://www.varonis.com,,USD,2658,Miami,FL,877 292 8767,801 Brickell Avenue,0,2026-10-07T23:41:48+00:00,2026-10-07T23:41:48+00:00,Equity,-0.35975,-0.05718,0.77069,-0.22564,-0.20547,0.183,,688094976,-130704000,138683008,-141380000,130242000,12.651163,-41.725,7.926,528374016,598656000,1791612000,698265984,,1.645,1.401,118.871,,7.38,0.02977,1.01269,0.0685
IYT,iShares Transportation Average ETF,78.919998,,634177,697456,79.339996,78.875,79.5,78.919998,-0.770004,-0.96625,79.690002,2026-10-07,,,,,18.991776,,,,The fund generally will invest at least 80% of its assets in the component securities of its underlying index. The underlying index measures the performance of companies within the transportation sector of the U.S. equity market as determined by S&P Dow Jones Indices LLC. The fund is non-diversified.,BTS,,,,true,false,true,,,USD,,,,415-670-2000,,0.96,2026-10-07T23:41:49+00:00,2026-10-07T23:41:49+00:00,Equity,,,,,,,,,,,,,,,,,,1884928640,,0.37,,,,,,,,
MCHI,iShares MSCI China ETF,51.639999,,1917899,2089607,51.66,51.445,51.720001,51.639999,-0.580002,-1.110689,52.220001,2026-10-07,,,,,11.269494,,,,"The fund generally will invest at least 80% of its assets in the component securities of the underlying index and in investments that have economic characteristics that are substantially identical to the component securities of the underlying index. The index is a free float-adjusted market capitalization-weighted index that is designed to measure the performance of equity securities in the top 85% in market capitalization of the Chinese equity securities markets, as represented by the H-shares and B-shares markets. The fund is non-diversified.",NGM,,,,true,false,true,,,USD,,,,415-670-2000,,2.09,2026-10-07T23:41:50+00:00,2026-10-07T23:41:50+00:00,Equity,,,,,,,,,,,,,,,,,,5988706816,,0.59,,,,,,,,
SPY,State Street SPDR S&P 500 ETF Trust,777.219971,,30746070,43999618,775.77002,773.609985,779.102112,777.219971,-1.870056,-0.240031,779.090027,2026-10-07,,,,917782016,24.675882,,,,"The trust seeks to achieve its investment objective by holding a portfolio of the common stocks that are included in the index (the “Portfolio”), with the weight of each stock in the Portfolio substantially corresponding to the weight of such stock in the index.",PCX,,,,true,false,true,,,USD,,,,,,0.99,2026-10-07T23:41:51+00:00,2026-10-07T23:41:51+00:00,Equity,,,,,,,,,,,,,1.810773,,,,,809216114688,,0.0945,,,,,,,,
QQQ,Invesco QQQ Trust,757.72998,,25184775,35084132,753.869995,751.76001,758.150024,757.72998,-1.929993,-0.25406,759.659973,2026-10-07,,,,393100000,29.014034,,,,"To maintain the correspondence between the composition and weights of the securities in the trust (the ""securities"") and the stocks in the NASDAQ-100 Index®, the adviser adjusts the securities from time to time to conform to periodic changes in the identity and/or relative weights of index securities. The composition and weighting of the securities portion of a portfolio deposit are also adjusted to conform to changes in the index.",NGM,,,,true,false,true,,,USD,,,,,,0.42,2026-10-07T23:41:52+00:00,2026-10-07T23:41:52+00:00,Equity,,,,,,,,,,,,,2.117901,,,,,498945982464,,0.18,,,,,,,,
DIA,State Street SPDR Dow Jones Industrial Average ETF Trust,511.019989,,4095368,3435842,510.470001,508.459991,511.859985,511.019989,-3.540009,-0.687968,514.559998,2026-10-07,,,,,20.7943,,,,"The Trust’s Portfolio consists of substantially all of the component common stocks that comprise the DJIA, which are weighted in accordance with the terms of the Trust Agreement.",PCX,,,,true,false,true,,,USD,,,,866.787.2257,,1.42,2026-10-07T23:41:53+00:00,2026-10-07T23:41:53+00:00,Equity,,,,,,,,,,,,,,,,,,43860340736,,0.16,,,,,,,,
IWM,iShares Russell 2000 ETF,277.700012,,24585463,20980815,278.25,276.945007,279.040009,277.700012,-3.639984,-1.293803,281.339996,2026-10-07,,,,281049984,16.337477,,,,"The underlying index is a float-adjusted capitalization-weighted index of equity securities issued by the approximately 1,933 smallest issuers in the Russell 3000 Index. The fund may use derivatives to gain or reduce exposure to the components of the underlying index or exposure to one or more market risk factors associated with such components.",PCX,,,,true,false,true,,,USD,,,,415-670-2000,,0.98,2026-10-07T23:41:54+00:00,2026-10-07T23:41:54+00:00,Equity,,,,,,,,,,,,,1.269811,,,,,78041726976,,0.19,,,,,,,,
^VIX,CBOE Volatility Index,15.08,,0,0,15.21,14.97,16.01,15.08,0.07,0.466354,15.01,2026-10-07,,,,,,,Indices,Volatility / Rates,,CXI,,,,false,false,true,,,USD,,,,,,,2026-10-07T23:41:55+00:00,2026-10-07T23:41:55+00:00,Index,,,,,,,,,,,,,,,,,,,,,,,,,,,,
^VIX9D,CBOE S&P 500 9 Day Volatility I,11.78,,0,0,13.08,11.63,13.36,11.78,-0.25,-2.078138,12.03,2026-10-07,,,,,,,Indices,Volatility / Rates,,WCB,,,,false,false,true,,,USD,,,,,,,2026-10-07T23:41:56+00:00,2026-10-07T23:41:56+00:00,Index,,,,,,,,,,,,,,,,,,,,,,,,,,,,
^MOVE,Northern Trust iBoxx 5-Year Tar,102.557198,,0,0,106.593201,102.557198,107.701599,102.557198,-2.642799,-2.512167,105.199997,2026-10-07,,,,,,,Indices,Volatility / Rates,,NYS,,,,false,false,true,,,USD,,,,,,,2026-10-07T23:41:57+00:00,2026-10-07T23:41:57+00:00,Index,,,,,,,,,,,,,,,,,,,,,,,,,,,,
HYG,iShares iBoxx $ High Yield Corporate Bond ETF,77.18,,59233080,40632789,77,76.93,77.209999,77.18,-0.089996,-0.11647,77.269997,2026-10-07,,,,,,,,,"The underlying index is a rules-based index consisting of U.S. dollar-denominated, high yield corporate bonds for sale in the U.S. The fund will invest at least 80% of its assets in the component securities of the underlying index, and the fund will invest at least 90% of its assets in fixed income securities of the types included in the underlying index that the advisor believes will help the fund track the underlying index.",PCX,,,,true,false,true,,,USD,,,,415-670-2000,,6.14,2026-10-07T23:41:58+00:00,2026-10-07T23:41:58+00:00,Equity,,,,,,,,,,,,,,,,,,16778804224,,0.49,,,,,,,,
LQD,iShares iBoxx $ Investment Grade Corporate Bond ETF,102.099998,,30088564,30700628,101.379997,101.339996,102.224998,102.099998,-0.040001,-0.039163,102.139999,2026-10-07,,,,,,,,,"The fund will invest at least 80% of its assets in the component securities of the underlying index, and it will invest at least 90% of its assets in fixed income securities of the types included in the underlying index that the advisor believes will help the fund track the underlying index. The underlying index is designed to provide a broad representation of the U.S. dollar-denominated liquid investment-grade corporate bond market.",PCX,,,,true,false,true,,,USD,,,,415-670-2000,,4.91,2026-10-07T23:41:59+00:00,2026-10-07T23:41:59+00:00,Equity,,,,,,,,,,,,,,,,,,28273213440,,0.14,,,,,,,,
JNK,State Street SPDR Bloomberg High Yield Bond ETF,92.760002,,4722904,3344467,92.620003,92.459999,92.790001,92.760002,-0.119995,-0.129194,92.879997,2026-10-07,,,,,,,,,"The fund generally invests substantially all, but at least 80%, of its total assets in the securities comprising the index and in securities that the Adviser determines have economic characteristics that are substantially identical to the economic characteristics of the securities that comprise the index. The index is designed to measure the performance of publicly issued U.S. dollar denominated high yield corporate bonds with above-average liquidity. -null-.",PCX,,,,true,false,true,,,USD,,,,,,6.83,2026-10-07T23:41:59+00:00,2026-10-07T23:41:59+00:00,Equity,,,,,,,,,,,,,,,,,,6504680448,,0.4,,,,,,,,
EMB,iShares J.P. Morgan USD Emerging Markets Bond ETF,90.779999,,8552536,6817754,90.379997,90.230003,90.870003,90.779999,-0.169998,-0.186914,90.949997,2026-10-07,,,,,,,,,"The fund will invest at least 80% of its assets in the component securities of the underlying index and will invest at least 90% of its assets in fixed income securities of the types included in the underlying index. The index is a broad, diverse U.S. dollar-denominated emerging markets debt benchmark that tracks the total return of actively traded external debt instruments in emerging market countries.",NGM,,,,true,false,true,,,USD,,,,415-670-2000,,5.36,2026-10-07T23:42:00+00:00,2026-10-07T23:42:00+00:00,Equity,,,,,,,,,,,,,,,,,,12927995904,,0.39,,,,,,,,
XLK,State Street Technology Select Sector SPDR ETF,201.389999,,6308714,7491876,200.279999,199.630005,201.559998,201.389999,-0.610001,-0.301981,202,2026-10-07,,,,,32.977074,,,,"In seeking to track the performance of the index, the fund employs a replication strategy, which means that the fund typically invests in substantially all of the securities represented in the index in approximately the same proportions as the index. It generally invests substantially all, but at least 95%, of its total assets in the securities comprising the index. The fund is non-diversified.",PCX,,,,true,false,true,,,USD,,,,,,0.43,2026-10-07T23:42:01+00:00,2026-10-07T23:42:01+00:00,Equity,,,,,,,,,,,,,,,,,,127297691648,,0.08,,,,,,,,
XLF,State Street Financial Select Sector SPDR ETF,53.75,,35821731,32791900,53.529999,53.41,53.82,53.75,-0.259998,-0.481389,54.009998,2026-10-07,,,,883444992,15.318028,,,,"The fund generally invests substantially all, but at least 95%, of its total assets in the securities comprising the index. The index includes companies that have been identified as Financial companies by the Global Industry Classification Standard, including securities of companies from the following industries: financial services; insurance; banks; capital markets; mortgage real estate investment trusts; and consumer finance. The fund is non-diversified.",PCX,,,,true,false,true,,,USD,,,,,,1.55,2026-10-07T23:42:02+00:00,2026-10-07T23:42:02+00:00,Equity,,,,,,,,,,,,,1.580092,,,,,50968727552,,0.08,,,,,,,,
XLV,State Street Health Care Select Sector SPDR ETF,168.809998,,8870090,8490020,167.869003,167.429993,170.380005,168.809998,1.720001,1.029386,167.089996,2026-10-07,,,,,30.10096,,,,"In seeking to track the performance of the index, the fund employs a replication strategy. It generally invests substantially all, but at least 95%, of its total assets in the securities comprising the index. The index includes companies from the following industries: pharmaceuticals; health care equipment & supplies; health care providers & services; biotechnology; life sciences tools & services; and health care technology. The fund is non-diversified.",PCX,,,,true,false,true,,,USD,,,,,,1.52,2026-10-07T23:42:03+00:00,2026-10-07T23:42:03+00:00,Equity,,,,,,,,,,,,,,,,,,43393187840,,0.08,,,,,,,,
XLE,State Street Energy Select Sector SPDR ETF,63.360001,,26195130,30010351,64.040001,63.044102,64.510002,63.360001,-0.389999,-0.611764,63.75,2026-10-07,,,,186424000,18.050253,,,,"In seeking to track the performance of the index, the fund employs a replication strategy. It generally invests substantially all, but at least 95%, of its total assets in the securities comprising the index. The index includes companies that have been identified as Energy companies by the GICS®, including securities of companies from the following industries: oil, gas and consumable fuels; and energy equipment and services. It is non-diversified.",PCX,,,,true,false,true,,,USD,,,,,,2.48,2026-10-07T23:42:04+00:00,2026-10-07T23:42:04+00:00,Equity,,,,,,,,,,,,,1.215773,,,,,39130157056,,0.08,,,,,,,,
XLI,State Street Industrial Select Sector SPDR ETF,167.839996,,8149950,6796245,169.699997,167.229996,170.206406,167.839996,-3.740005,-2.179744,171.580002,2026-10-07,,,,136626000,27.575848,,,,"Under normal market conditions, the fund generally invests substantially all, but at least 95%, of its total assets in the securities comprising the index. The index includes companies that have been identified as Industrial companies by the Global Industry Classification Standard, including securities of companies from the following industries: aerospace and defense; industrial conglomerates; marine transportation. It is non-diversified.",PCX,,,,true,false,true,,,USD,,,,,,1.13,2026-10-07T23:42:05+00:00,2026-10-07T23:42:05+00:00,Equity,,,,,,,,,,,,,1.706003,,,,,29827448832,,0.08,,,,,,,,
XLP,State Street Consumer Staples Select Sector SPDR ETF,81.699997,,9437177,10287481,82.080002,81.690002,82.300003,81.699997,-0.100006,-0.122257,81.800003,2026-10-07,,,,210172000,24.246098,,,,"In seeking to track the performance of the index, the fund employs a replication strategy. It generally invests substantially all, but at least 95%, of its total assets in the securities comprising the index. The index includes companies that have been identified as Consumer Staples companies by the GICS®. It is non-diversified.",PCX,,,,true,false,true,,,USD,,,,,,2.73,2026-10-07T23:42:06+00:00,2026-10-07T23:42:06+00:00,Equity,,,,,,,,,,,,,1.198351,,,,,13445566464,,0.08,,,,,,,,
XLY,State Street Consumer Discretionary Select Sector SPDR ETF,111.360001,,6695862,6732087,111.029999,110.580002,111.510002,111.360001,-0.360001,-0.322235,111.720001,2026-10-07,,,,,24.560114,,,,"The Advisor employs a replication strategy. The fund generally invests substantially all, but at least 95%, of its total assets in the securities comprising the index. The index includes companies that have been identified as Consumer Discretionary companies by the Global Industry Classification Standard (GICS®). It is non-diversified.",PCX,,,,true,false,true,,,USD,,,,,,0.86,2026-10-07T23:42:07+00:00,2026-10-07T23:42:07+00:00,Equity,,,,,,,,,,,,,,,,,,21273047040,,0.08,,,,,,,,
XLU,State Street Utilities Select Sector SPDR ETF,41.150002,,44925171,23569934,40.990002,40.82,41.330002,41.150002,-0.009998,-0.024291,41.16,2026-10-07,,,,163274000,18.636251,,,,"In seeking to track the performance of the index, the fund employs a replication strategy. It generally invests substantially all, but at least 95%, of its total assets in the securities comprising the index. The index includes securities of companies from the following industries: electric utilities; water utilities; multi-utilities; independent power and renewable electricity producers; and gas utilities. The fund is non-diversified.",PCX,,,,true,false,true,,,USD,,,,,,3.07,2026-10-07T23:42:08+00:00,2026-10-07T23:42:08+00:00,Equity,,,,,,,,,,,,,0.643069,,,,,21327450112,,0.08,,,,,,,,
XLB,State Street Materials Select Sector SPDR ETF,48.98,,9786394,11271975,49.299999,48.875,49.400002,48.98,-0.75,-1.508144,49.73,2026-10-07,,,,71923696,22.824797,,,,"In seeking to track the performance of the index, the fund employs a replication strategy. It generally invests substantially all, but at least 95%, of its total assets in the securities comprising the index. The index includes securities of companies from the following industries: chemicals; metals and mining; paper and forest products; containers and packaging; and construction materials. The fund is non-diversified.",PCX,,,,true,false,true,,,USD,,,,,,1.77,2026-10-07T23:42:09+00:00,2026-10-07T23:42:09+00:00,Equity,,,,,,,,,,,,,0.619107,,,,,7776858624,,0.08,,,,,,,,
XLRE,State Street Real Estate Select Sector SPDR ETF,40.57,,9192902,5352520,41.18,40.555,41.146301,40.57,-0.529999,-1.289535,41.099998,2026-10-07,,,,,28.96105,,,,"Under normal market conditions, the fund generally invests substantially all, but at least 95%, of its total assets in the securities comprising the index. The index includes companies that have been identified as Real Estate companies by the Global Industry Classification Standard (GICS®). The fund is non-diversified.",PCX,,,,true,false,true,,,USD,,,,,,3.53,2026-10-07T23:42:10+00:00,2026-10-07T23:42:10+00:00,Equity,,,,,,,,,,,,,,,,,,7652509696,,0.08,,,,,,,,
XLC,State Street Communication Services Select Sector SPDR ETF,111.260002,,4252191,5431926,111.32,110.474998,111.660004,111.260002,-0.389999,-0.349305,111.650002,2026-10-07,,,,,16.32409,,,,"Normally, the fund generally invests substantially all, but at least 95%, of its total assets in the securities comprising the index. The index includes companies that have been identified as Communication Services companies by the GICS®, including securities of companies from the following industries: diversified telecommunication services; wireless telecommunication services; media; entertainment; and interactive media & services. The fund is non-diversified.",PCX,,,,true,false,true,,,USD,,,,,,1.24,2026-10-07T23:42:11+00:00,2026-10-07T23:42:11+00:00,Equity,,,,,,,,,,,,,,,,,,22528514048,,0.08,,,,,,,,
ES=F,E-Mini S&P 500 Dec 26,7857,,6185,1363859,7850.75,7850.5,7857.75,7857,-17,-0.2159,7874,2026-10-07,,,,,,,Commodities & Futures,Equity Index Future,,CME,,,,false,false,true,,,USD,,,,,,,2026-10-07T23:42:11+00:00,2026-10-07T23:42:11+00:00,Future,,,,,,,,,,,,,,,,,,,,,,,,,,,,
NQ=F,Nasdaq 100 Dec 26,31450.5,,6601,518176,31403,31403,31454,31450.5,-32.75,-0.104024,31483.25,2026-10-07,,,,,,,Commodities & Futures,Equity Index Future,,CME,,,,false,false,true,,,USD,,,,,,,2026-10-07T23:42:12+00:00,2026-10-07T23:42:12+00:00,Future,,,,,,,,,,,,,,,,,,,,,,,,,,,,
YM=F,Mini Dow Jones Indus.-$5 Dec 26,51462,,721,73249,51427,51422,51469,51462,-354,-0.683187,51816,2026-10-07,,,,,,,Commodities & Futures,Equity Index Future,,CBT,,,,false,false,true,,,USD,,,,,,,2026-10-07T23:42:13+00:00,2026-10-07T23:42:13+00:00,Future,,,,,,,,,,,,,,,,,,,,,,,,,,,,
RTY=F,E-mini Russell 2000 Index Futur,2811.899902,,1108,160182,2811.399902,2810.899902,2813.5,2811.899902,-36.300049,-1.274491,2848.199951,2026-10-07,,,,,,,Commodities & Futures,Equity Index Future,,CME,,,,false,false,true,,,USD,,,,,,,2026-10-07T23:42:14+00:00,2026-10-07T23:42:14+00:00,Future,,,,,,,,,,,,,,,,,,,,,,,,,,,,
CL=F,Crude Oil Nov 26,88.830002,,1506,281204,89,88.779999,89.059998,88.830002,-0.610001,-0.682022,89.440002,2026-10-07,,,,,,,Commodities & Futures,Energy,,NYM,,,,false,false,true,,,USD,,,,,,,2026-10-07T23:42:15+00:00,2026-10-07T23:42:15+00:00,Future,,,,,,,,,,,,,,,,,,,,,,,,,,,,
BZ=F,Brent Crude Oil Last Day Financial Futures,100.889999,,126,40834,101.129997,100.889999,101.150002,100.889999,0.309998,0.30821,100.580002,2026-10-07,,,,,,,Commodities & Futures,Energy,,NYM,,,,false,false,true,,,USD,,,,,,,2026-10-07T23:42:16+00:00,2026-10-07T23:42:16+00:00,Future,,,,,,,,,,,,,,,,,,,,,,,,,,,,
NG=F,Natural Gas Nov 26,3.263,,5316,142393,3.288,3.239,3.298,3.263,0.149,4.78484,3.114,2026-10-07,,,,,,,Commodities & Futures,Energy,,NYM,,,,false,false,true,,,USD,,,,,,,2026-10-07T23:42:17+00:00,2026-10-07T23:42:17+00:00,Future,,,,,,,,,,,,,,,,,,,,,,,,,,,,
RB=F,RBOB Gasoline Nov 26,3.0848,,31,46761,3.0904,3.0815,3.0926,3.0848,-0.1884,-5.755836,3.2732,2026-10-07,,,,,,,Commodities & Futures,Energy,,NYM,,,,false,false,true,,,USD,,,,,,,2026-10-07T23:42:17+00:00,2026-10-07T23:42:17+00:00,Future,,,,,,,,,,,,,,,,,,,,,,,,,,,,
HO=F,Heating Oil Nov 26,4.6602,,100,38191,4.6557,4.6539,4.6723,4.6602,0.0908,1.987138,4.5694,2026-10-07,,,,,,,Commodities & Futures,Energy,,NYM,,,,false,false,true,,,USD,,,,,,,2026-10-07T23:42:18+00:00,2026-10-07T23:42:18+00:00,Future,,,,,,,,,,,,,,,,,,,,,,,,,,,,
GC=F,Gold Dec 26,4134.200195,,3315,154401,4139.899902,4128.100098,4140.799805,4134.200195,-52.899902,-1.263402,4187.100098,2026-10-07,,,,,,,Commodities & Futures,Metals,,CMX,,,,false,false,true,,,USD,,,,,,,2026-10-07T23:42:19+00:00,2026-10-07T23:42:19+00:00,Future,,,,,,,,,,,,,,,,,,,,,,,,,,,,
SI=F,Silver Dec 26,60.07,,357,651,60.189999,59.959999,60.189999,60.07,-1.098,-1.795056,61.167999,2026-10-07,,,,,,,Commodities & Futures,Metals,,CMX,,,,false,false,true,,,USD,,,,,,,2026-10-07T23:42:20+00:00,2026-10-07T23:42:20+00:00,Future,,,,,,,,,,,,,,,,,,,,,,,,,,,,
HG=F,Copper Dec 26,6.645,,156,1677,6.641,6.6385,6.646,6.645,0.0505,0.765788,6.5945,2026-10-07,,,,,,,Commodities & Futures,Metals,,CMX,,,,false,false,true,,,USD,,,,,,,2026-10-07T23:42:21+00:00,2026-10-07T23:42:21+00:00,Future,,,,,,,,,,,,,,,,,,,,,,,,,,,,
PL=F,Platinum Jan 27,1641,,188,130,1638.400024,1637.199951,1642.300049,1641,-51.699951,-3.054289,1692.699951,2026-10-07,,,,,,,Commodities & Futures,Metals,,NYM,,,,false,false,true,,,USD,,,,,,,2026-10-07T23:42:22+00:00,2026-10-07T23:42:22+00:00,Future,,,,,,,,,,,,,,,,,,,,,,,,,,,,
PA=F,Palladium Dec 26,1122,,33,49,1120.5,1118.5,1122,1122,-41.599976,-3.57511,1163.599976,2026-10-07,,,,,,,Commodities & Futures,Metals,,NYM,,,,false,false,true,,,USD,,,,,,,2026-10-07T23:42:23+00:00,2026-10-07T23:42:23+00:00,Future,,,,,,,,,,,,,,,,,,,,,,,,,,,,
ZC=F,"Corn Futures,Dec-2026",502,,166110,141341,508.25,500.5,509.75,502,-6,-1.181102,508,2026-10-07,,,,,,,Commodities & Futures,Grains,,CBT,,,,false,false,true,,,USX,,,,,,,2026-10-07T23:42:24+00:00,2026-10-07T23:42:24+00:00,Future,,,,,,,,,,,,,,,,,,,,,,,,,,,,
ZS=F,"Soybean Futures,Nov-2026",1295.75,,161004,50976,1302.75,1292.75,1309,1295.75,-7.25,-0.556408,1303,2026-10-07,,,,,,,Commodities & Futures,Grains,,CBT,,,,false,false,true,,,USX,,,,,,,2026-10-07T23:42:25+00:00,2026-10-07T23:42:25+00:00,Future,,,,,,,,,,,,,,,,,,,,,,,,,,,,
ZW=F,"Chicago SRW Wheat Futures,Dec-2",686,,62327,59556,704,684.75,706.5,686,-18.25,-2.591409,704.25,2026-10-07,,,,,,,Commodities & Futures,Grains,,CBT,,,,false,false,true,,,USX,,,,,,,2026-10-07T23:42:26+00:00,2026-10-07T23:42:26+00:00,Future,,,,,,,,,,,,,,,,,,,,,,,,,,,,
KC=F,Coffee Dec 26,293.899994,,0,7722,302.899994,292.049988,308.350006,293.899994,-10.550018,-3.465271,304.450012,2026-10-07,,,,,,,Commodities & Futures,Softs,,NYB,,,,false,false,true,,,USX,,,,,,,2026-10-07T23:42:27+00:00,2026-10-07T23:42:27+00:00,Future,,,,,,,,,,,,,,,,,,,,,,,,,,,,
SB=F,Sugar,20.85,,0,88358,20.73,20.17,21.24,20.85,0.030001,0.144096,20.82,2026-10-07,,,,,,,Commodities & Futures,Softs,,NYB,,,,false,false,true,,,USX,,,,,,,2026-10-07T23:42:28+00:00,2026-10-07T23:42:28+00:00,Future,,,,,,,,,,,,,,,,,,,,,,,,,,,,
CC=F,Cocoa Dec 26,5527,,0,11402,5772,5515,5820,5527,-173,-3.035088,5700,2026-10-07,,,,,,,Commodities & Futures,Softs,,NYB,,,,false,false,true,,,USD,,,,,,,2026-10-07T23:42:29+00:00,2026-10-07T23:42:29+00:00,Future,,,,,,,,,,,,,,,,,,,,,,,,,,,,
CT=F,Cotton,80.129997,,11846,,0,77.230003,78.93,80.129997,2.649994,3.420229,77.480003,2026-10-07,,,,,,,Commodities & Futures,Softs,,NYM,,,,false,false,true,,,USX,,,,,,,2026-10-07T23:42:30+00:00,2026-10-07T23:42:30+00:00,Future,,,,,,,,,,,,,,,,,,,,,,,,,,,,
ZB=F,"U.S. Treasury Bond Futures,Dec-",102,,3251,437805,102.09375,101.96875,102.09375,102,-0.53125,-0.518135,102.53125,2026-10-07,,,,,,,Commodities & Futures,Treasury Future,,CBT,,,,false,false,true,,,USD,,,,,,,2026-10-07T23:42:30+00:00,2026-10-07T23:42:30+00:00,Future,,,,,,,,,,,,,,,,,,,,,,,,,,,,
ZN=F,"10-Year T-Note Futures,Dec-2026",104.4375,,10562,1739054,104.4375,104.40625,104.484375,104.4375,-0.0625,-0.059809,104.5,2026-10-07,,,,,,,Commodities & Futures,Treasury Future,,CBT,,,,false,false,true,,,USD,,,,,,,2026-10-07T23:42:31+00:00,2026-10-07T23:42:31+00:00,Future,,,,,,,,,,,,,,,,,,,,,,,,,,,,
ZF=F,"5-Year T-Note Futures,Dec-2026",103.59375,,8512,1064424,103.59375,103.578125,103.625,103.59375,0.015625,0.015085,103.578125,2026-10-07,,,,,,,Commodities & Futures,Treasury Future,,CBT,,,,false,false,true,,,USD,,,,,,,2026-10-07T23:42:32+00:00,2026-10-07T23:42:32+00:00,Future,,,,,,,,,,,,,,,,,,,,,,,,,,,,
ZT=F,"2-Year T-Note Futures,Dec-2026",101.875,,3811,755300,101.867188,101.867188,101.886719,101.875,0.039062,0.038358,101.835938,2026-10-07,,,,,,,Commodities & Futures,Treasury Future,,CBT,,,,false,false,true,,,USD,,,,,,,2026-10-07T23:42:33+00:00,2026-10-07T23:42:33+00:00,Future,,,,,,,,,,,,,,,,,,,,,,,,,,,,
BTC-USD,Bitcoin USD,83304.398438,1674313728000,38774722560,27746326046,85546.226562,82875.101562,85570.695312,83304.398438,-2253.164062,-2.633507,85557.5625,2026-10-07,,,,,,,Cryptocurrency,Bitcoin,,CCC,,,,false,false,true,https://bitcoin.org/,,USD,,,,,,,2026-10-07T23:42:34+00:00,2026-10-07T23:42:34+00:00,Crypto,,,,,,,,,,,,,,,,,,,,,,,,,,,,
ETH-USD,Ethereum USD,2574.02002,314422427648,20115113984,12234064868,2697.319336,2544.190674,2698.372559,2574.02002,-123.496338,-4.57815,2697.516357,2026-10-07,,,,,,,Cryptocurrency,Ethereum,,CCC,,,,false,false,true,https://www.ethereum.org/,,USD,,,,,,,2026-10-07T23:42:35+00:00,2026-10-07T23:42:35+00:00,Crypto,,,,,,,,,,,,,,,,,,,,,,,,,,,,
SOL-USD,Solana USD,116.220001,68496072704,3109686272,2806251927,120.771278,115.302429,120.771278,116.220001,-4.567635,-3.781542,120.787636,2026-10-07,,,,,,,Cryptocurrency,Solana,,CCC,,,,false,false,true,https://solana.com,,USD,,,,,,,2026-10-07T23:42:36+00:00,2026-10-07T23:42:36+00:00,Crypto,,,,,,,,,,,,,,,,,,,,,,,,,,,,
EURUSD=X,EUR/USD,1.120574,,0,0,1.120072,1.119946,1.120574,1.120574,-0.004779,-0.424697,1.125353,2026-10-07,,,,,,,Currencies,Foreign Exchange,,CCY,,,,false,false,true,,,USD,,,,,,,2026-10-07T23:42:37+00:00,2026-10-07T23:42:37+00:00,FX,,,,,,,,,,,,,,,,,,,,,,,,,,,,
GBPUSD=X,GBP/USD,1.32186,,0,0,1.321458,1.321178,1.32186,1.32186,-0.004823,-0.363509,1.326682,2026-10-07,,,,,,,Currencies,Foreign Exchange,,CCY,,,,false,false,true,,,USD,,,,,,,2026-10-07T23:42:38+00:00,2026-10-07T23:42:38+00:00,FX,,,,,,,,,,,,,,,,,,,,,,,,,,,,
USDJPY=X,USD/JPY,157.953995,,0,0,158.039993,157.953003,158.067993,157.953995,-0.34201,-0.216058,158.296005,2026-10-07,,,,,,,Currencies,Foreign Exchange,,CCY,,,,false,false,true,,,JPY,,,,,,,2026-10-07T23:42:39+00:00,2026-10-07T23:42:39+00:00,FX,,,,,,,,,,,,,,,,,,,,,,,,,,,,
AUDUSD=X,AUD/USD,0.696524,,0,0,0.696136,0.696136,0.69667,0.696524,-0.001656,-0.23717,0.69818,2026-10-07,,,,,,,Currencies,Foreign Exchange,,CCY,,,,false,false,true,,,USD,,,,,,,2026-10-07T23:42:39+00:00,2026-10-07T23:42:39+00:00,FX,,,,,,,,,,,,,,,,,,,,,,,,,,,,
USDCAD=X,USD/CAD,1.4256,,0,0,1.4256,1.4249,1.42587,1.4256,0.00438,0.308193,1.42122,2026-10-07,,,,,,,Currencies,Foreign Exchange,,CCY,,,,false,false,true,,,CAD,,,,,,,2026-10-07T23:42:40+00:00,2026-10-07T23:42:40+00:00,FX,,,,,,,,,,,,,,,,,,,,,,,,,,,,
USDCHF=X,USD/CHF,0.83269,,0,0,0.83299,0.83207,0.8333,0.83269,0.00051,0.061282,0.83218,2026-10-07,,,,,,,Currencies,Foreign Exchange,,CCY,,,,false,false,true,,,CHF,,,,,,,2026-10-07T23:42:41+00:00,2026-10-07T23:42:41+00:00,FX,,,,,,,,,,,,,,,,,,,,,,,,,,,,
NZDUSD=X,NZD/USD,0.560224,,0,0,0.560318,0.560099,0.56035,0.560224,-0.002177,-0.387111,0.562401,2026-10-07,,,,,,,Currencies,Foreign Exchange,,CCY,,,,false,false,true,,,USD,,,,,,,2026-10-07T23:42:42+00:00,2026-10-07T23:42:42+00:00,FX,,,,,,,,,,,,,,,,,,,,,,,,,,,,
USDCNY=X,USD/CNY,6.6948,,0,0,6.6933,6.6933,6.6948,6.6948,-0.0097,-0.144683,6.7045,2026-10-07,,,,,,,Currencies,Foreign Exchange,,CCY,,,,false,false,true,,,CNY,,,,,,,2026-10-07T23:42:43+00:00,2026-10-07T23:42:43+00:00,FX,,,,,,,,,,,,,,,,,,,,,,,,,,,,
USDINR=X,USD/INR,96.370399,,0,0,96.370399,96.310501,96.887802,96.370399,0.027603,0.028651,96.342796,2026-10-07,,,,,,,Currencies,Foreign Exchange,,CCY,,,,false,false,true,,,INR,,,,,,,2026-10-07T23:42:44+00:00,2026-10-07T23:42:44+00:00,FX,,,,,,,,,,,,,,,,,,,,,,,,,,,,
USDMXN=X,USD/MXN,17.966,,0,0,17.96067,17.943899,17.982,17.966,-0.003191,-0.017758,17.969191,2026-10-07,,,,,,,Currencies,Foreign Exchange,,CCY,,,,false,false,true,,,MXN,,,,,,,2026-10-07T23:42:45+00:00,2026-10-07T23:42:45+00:00,FX,,,,,,,,,,,,,,,,,,,,,,,,,,,,
^GSPTSE,S&P/TSX Composite index,35041.859375,,250729583,259296773,35467.628906,35024.011719,35467.628906,35041.859375,-607.640625,-1.704486,35649.5,2026-10-07,,,,,,,Indices,Stock Index,,TSI,,,,false,false,true,,,CAD,,,,,,,2026-10-07T23:42:46+00:00,2026-10-07T23:42:46+00:00,Index,,,,,,,,,,,,,,,,,,,,,,,,,,,,
^MERV,MERVAL,2824122.5,,0,0,2896853.25,2821092.25,2897819,2824122.5,-72730.5,-2.510673,2896853,2026-10-07,,,,,,,Indices,Stock Index,,BUE,,,,false,false,true,,,,,,,,,,2026-10-07T23:42:47+00:00,2026-10-07T23:42:47+00:00,Index,,,,,,,,,,,,,,,,,,,,,,,,,,,,
^BVSP,IBOVESPA,204302.328125,,0,8948640,205836.171875,204176.125,206877.46875,204302.328125,-1532.671875,-0.744612,205835,2026-10-07,,,,,,,Indices,Stock Index,,SAO,,,,false,false,true,,,BRL,,,,,,,2026-10-07T23:42:48+00:00,2026-10-07T23:42:48+00:00,Index,,,,,,,,,,,,,,,,,,,,,,,,,,,,
^MXX,IPC MEXICO,64653.328125,,145823870,146494531,65284.359375,64381.75,65284.359375,64653.328125,-659.132812,-1.009199,65312.460938,2026-10-07,,,,,,,Indices,Stock Index,,MEX,,,,false,false,true,,,MXN,,,,,,,2026-10-07T23:42:49+00:00,2026-10-07T23:42:49+00:00,Index,,,,,,,,,,,,,,,,,,,,,,,,,,,,
^FTSE,FTSE 100,,,0,786314342,10542.179688,10445.419922,10542.179688,,,,10541.700195,2026-10-07,,,,,,,Indices,Stock Index,,FGI,,,,false,false,true,,,GBP,,,,,,,2026-10-07T23:42:50+00:00,2026-10-07T23:42:50+00:00,Index,,,,,,,,,,,,,,,,,,,,,,,,,,,,
^GDAXI,DAX P,,,0,52384406,25280.669922,25038.509766,25347.089844,,,,25449.189453,2026-10-07,,,,,,,Indices,Stock Index,,GER,,,,false,false,true,,,EUR,,,,,,,2026-10-07T23:42:51+00:00,2026-10-07T23:42:51+00:00,Index,,,,,,,,,,,,,,,,,,,,,,,,,,,,
^FCHI,CAC 40,,,0,57256630,7813.080078,7743.549805,7840.350098,,,,7865.069824,2026-10-07,,,,,,,Indices,Stock Index,,PAR,,,,false,false,true,,,EUR,,,,,,,2026-10-07T23:42:51+00:00,2026-10-07T23:42:51+00:00,Index,,,,,,,,,,,,,,,,,,,,,,,,,,,,
^STOXX50E,EURO STOXX 50 I,6272.22998,,18663700,18472061,6252.629883,6252.629883,6310.740234,6272.22998,30.089844,0.482044,6242.140137,2026-10-07,,,,,,,Indices,Stock Index,,ZRH,,,,false,false,true,,,,,,,,,,2026-10-07T23:42:52+00:00,2026-10-07T23:42:52+00:00,Index,,,,,,,,,,,,,,,,,,,,,,,,,,,,
^N225,Nikkei 225,,,0,164773333,70582.109375,70017.1875,70793.289062,,,,70683.976562,2026-10-07,,,,,,,Indices,Stock Index,,OSA,,,,false,false,true,,,JPY,,,,,,,2026-10-07T23:42:53+00:00,2026-10-07T23:42:53+00:00,Index,,,,,,,,,,,,,,,,,,,,,,,,,,,,
^HSI,HANG SENG INDEX,,,0,2876028125,24172.289062,24071.410156,24266.919922,,,,24280.560547,2026-10-07,,,,,,,Indices,Stock Index,,HKG,,,,false,false,true,,,HKD,,,,,,,2026-10-07T23:42:54+00:00,2026-10-07T23:42:54+00:00,Index,,,,,,,,,,,,,,,,,,,,,,,,,,,,
^AXJO,S&P/ASX 200 [XJO],8696.099609,,0,749056,8727.700195,8677.599609,8727.700195,8696.099609,-39.600586,-0.453319,8735.700195,2026-10-07,,,,,,,Indices,Stock Index,,ASX,,,,false,false,true,,,AUD,,,,,,,2026-10-07T23:42:55+00:00,2026-10-07T23:42:55+00:00,Index,,,,,,,,,,,,,,,,,,,,,,,,,,,,
^BSESN,S&P BSE SENSEX,,,0,17176,72965.382812,72468.71875,73018.820312,,,,73067.8125,2026-10-07,,,,,,,Indices,Stock Index,,BSE,,,,false,false,true,,,INR,,,,,,,2026-10-07T23:42:56+00:00,2026-10-07T23:42:56+00:00,Index,,,,,,,,,,,,,,,,,,,,,,,,,,,,
^KS11,KOSPI Composite Index,6941.390137,,269800,334895,7044.669922,6897.379883,7044.669922,6941.390137,-62.350098,-0.89024,7003.740234,2026-10-07,,,,,,,Indices,Stock Index,,KSC,,,,false,false,true,,,KRW,,,,,,,2026-10-07T23:42:57+00:00,2026-10-07T23:42:57+00:00,Index,,,,,,,,,,,,,,,,,,,,,,,,,,,,
^TWII,TSEC CAPITALIZATION WEIGHTED ST,,,0,4864591,49857.320312,49567.519531,49966.890625,,,,49822.550781,2026-10-07,,,,,,,Indices,Stock Index,,TAI,,,,false,false,true,,,TWD,,,,,,,2026-10-07T23:42:58+00:00,2026-10-07T23:42:58+00:00,Index,,,,,,,,,,,,,,,,,,,,,,,,,,,,
UUP,Invesco DB US Dollar Index Bullish Fund,29.040001,,1476876,1735151,29.08,29.014999,29.08,29.040001,0.140001,0.484434,28.9,2026-10-07,,,,,,,,,"The fund invests in futures contracts in an attempt to track its index. The index is calculated to reflect the changes in market value over time, whether positive or negative, of long positions in DX Contracts.",PCX,,,,true,false,true,,,USD,,,,800-983-0903,,3.22,2026-10-07T23:42:59+00:00,2026-10-07T23:42:59+00:00,Equity,,,,,,,,,,,,,,,,,,431136608,,0.75,,,,,,,,
TLT,iShares 20+ Year Treasury Bond ETF,77.144997,,39684163,35231628,76.455002,76.43,77.315002,77.144997,-0.135002,-0.174692,77.279999,2026-10-07,,,,109700000,,,,,"The underlying index consists of publicly-issued U.S. Treasury securities that have a remaining maturity greater than twenty years and have $300 million or more of outstanding face value, excluding amounts held by the Federal Reserve System (the “Fed”). The fund will invest at least 80% of its assets in the component securities of the underlying index, and the fund will invest at least 90% of its assets in U.S. Treasury securities that manager believes will help the fund track the underlying index.",NGM,,,,true,false,true,,,USD,,,,415-670-2000,,5,2026-10-07T23:43:00+00:00,2026-10-07T23:43:00+00:00,Equity,,,,,,,,,,,,,0.518221,,,,,46233321472,,0.15,,,,,,,,
IEF,iShares 7-10 Year Treasury Bond ETF,89.110001,,9141967,8174890,88.675003,88.660004,89.220001,89.110001,-0.019997,-0.022435,89.129997,2026-10-07,,,,,,,,,"The underlying index consists of publicly-issued U.S. Treasury securities that have a remaining maturity of greater than or equal to seven years and less than ten years and have $300 million or more of outstanding face value, excluding amounts held by the Federal Reserve System (the “Fed”). The fund will invest at least 80% of its assets in the component securities of the underlying index, and the fund will invest at least 90% of its assets in U.S. Treasury securities that BFA believes will help the fund track the underlying index.",NGM,,,,true,false,true,,,USD,,,,415-670-2000,,4.14,2026-10-07T23:43:01+00:00,2026-10-07T23:43:01+00:00,Equity,,,,,,,,,,,,,,,,,,41556897792,,0.15,,,,,,,,
SHY,iShares 1-3 Year Treasury Bond ETF,81.160004,,4081431,4019776,81.070099,81.070099,81.190002,81.160004,0.030006,0.036986,81.129997,2026-10-07,,,,,,,,,"The underlying index consists of publicly-issued U.S. Treasury securities that have a remaining maturity of greater than or equal to one year and less than three years and have $300 million or more of outstanding face value, excluding amounts held by the Federal Reserve System. The fund will invest at least 80% of its assets in the component securities of the underlying index, and the fund will invest at least 90% of its assets in U.S. Treasury securities that BFA believes will help the fund track the underlying index.",NGM,,,,true,false,true,,,USD,,,,415-670-2000,,3.65,2026-10-07T23:43:05+00:00,2026-10-07T23:43:05+00:00,Equity,,,,,,,,,,,,,,,,,,26281537536,,0.15,,,,,,,,
BND,Vanguard Total Bond Market Index Fund ETF Shares,70,,11308585,8860289,69.675003,69.660004,70.07,70,-0.019997,-0.028558,70.019997,2026-10-07,,,,,,,,,"This index measures the performance of a wide spectrum of public, investment-grade, taxable, fixed income securities in the United States-including government, corporate, and international dollar-denominated bonds, as well as mortgage-backed and asset-backed securities-all with maturities of more than 1 year. All of the fund's investments will be selected through the sampling process, and at least 80% of its assets will be invested in bonds held in the index.",NGM,,,,true,false,true,,,USD,,,,800-523-1036,,4.17,2026-10-07T23:43:06+00:00,2026-10-07T23:43:06+00:00,Equity,,,,,,,,,,,,,,,,,,389050990592,,0.03,,,,,,,,
AGG,iShares Core U.S. Aggregate Bond ETF,94.309998,,14121123,9486959,93.889999,93.872002,94.409897,94.309998,-0.050003,-0.052992,94.360001,2026-10-07,,,,,,,,,"The index measures the performance of the total U.S. investment-grade bond market. The fund will invest at least 80% of its assets in the component securities of the underlying index and TBAs that have economic characteristics that are substantially identical to the economic characteristics of the component securities of the underlying index, and the fund will invest at least 90% of its assets in fixed income securities of the types included in the underlying index that the advisor believes will help the fund track the underlying index.",PCX,,,,true,false,true,,,USD,,,,415-670-2000,,4.19,2026-10-07T23:43:07+00:00,2026-10-07T23:43:07+00:00,Equity,,,,,,,,,,,,,,,,,,135651655680,,0.03,,,,,,,,
GOVT,iShares U.S. Treasury Bond ETF,21.82,,17037159,11350665,21.75,21.74,21.84,21.82,-0.01,-0.04581,21.83,2026-10-07,,,,,,,,,The fund will invest at least 80% of its assets in the component securities of the underlying index and will invest at least 90% of its assets in U.S. Treasury securities that BFA believes will help the fund track the underlying index. The underlying index includes publicly-issued U.S. Treasury securities that have a remaining maturity greater than one year and less than or equal to thirty years and have $300 million or more of outstanding face value.,BTS,,,,true,false,true,,,USD,,,,415-670-2000,,3.78,2026-10-07T23:43:08+00:00,2026-10-07T23:43:08+00:00,Equity,,,,,,,,,,,,,,,,,,41371131904,,0.05,,,,,,,,
TIP,iShares TIPS Bond ETF,104.239998,,1695817,1856982,103.900002,103.8843,104.264999,104.239998,0.059998,0.05759,104.18,2026-10-07,,,,,,,,,"The index tracks the performance of inflation-protected public obligations of the U.S. Treasury, commonly known as “TIPS,” that have a remaining maturity of more than one year. The fund will invest at least 80% of its assets in the component securities of the index, and it will invest at least 90% of its assets in U.S. Treasury securities that BFA believes will help the fund track the index.",PCX,,,,true,false,true,,,USD,,,,415-670-2000,,4.71,2026-10-07T23:43:09+00:00,2026-10-07T23:43:09+00:00,Equity,,,,,,,,,,,,,,,,,,14229889024,,0.18,,,,,,,,
